House_Type,Family_Members,Number_of_Rooms,Daily_Appliance_Usage_Count,AC_Usage_Hours,Fan_Usage_Hours,Refrigerator_Usage_Hours,Washing_Machine_Usage_Hours,Water_Motor_Usage_Hours,Lighting_Hours,Outdoor_Temperature_C,Day_of_Week,Season,Is_Holiday,Daily_Electricity_Consumption_kWh,House_Type_Encoded,Day_of_Week_Encoded,Season_Encoded,Family_Members_Scaled,Number_of_Rooms_Scaled,Daily_Appliance_Usage_Count_Scaled,AC_Usage_Hours_Scaled,Fan_Usage_Hours_Scaled,Refrigerator_Usage_Hours_Scaled,Washing_Machine_Usage_Hours_Scaled,Water_Motor_Usage_Hours_Scaled,Lighting_Hours_Scaled,Outdoor_Temperature_C_Scaled
Apartment,2,3,5,3.38,10.81,24,0.0,0.91,5.37,39.6,Friday,Summer,0,11.63,0,0,1,-1.0290764278769977,-0.6466304033004656,-1.249737043744964,-0.12080292018513976,1.130006424132287,0.0,-0.7961864247267118,-0.9506757574733435,-0.57004569468335,1.2205887297547335
Villa,2,7,7,8.4,10.75,24,0.61,1.32,5.11,33.9,Sunday,Summer,1,21.49,2,3,1,-1.0290764278769977,1.5005459039552316,-0.5948969966395818,1.3668930662434187,1.1139361739668596,0.0,0.11549497246086222,-0.17869888625043598,-0.738424131109962,0.7200761575389479
Apartment,2,4,4,4.68,8.62,24,0.0,1.47,4.99,32.9,Wednesday,Summer,0,12.66,0,6,1,-1.0290764278769977,-0.10983632648654133,-1.5771570672976551,0.2644569966190685,0.5434422930941951,0.0,-0.7961864247267118,0.10373167639209098,-0.8161372556145523,0.632266934343196
Apartment,7,4,8,10.95,8.91,24,0.84,2.16,5.6,33.8,Tuesday,Summer,1,28.13,0,5,1,1.4724182546961082,-0.10983632648654133,-0.2674769730868907,2.122595210743981,0.62111516889376,0.0,0.4592436959906032,1.4029122645477161,-0.4210955393828856,0.7112952352193725
Independent House,2,4,14,5.53,9.08,24,0.0,1.4,8.31,39.6,Wednesday,Summer,0,13.48,1,6,1,-1.0290764278769977,-0.10983632648654133,1.697043168229256,0.5163577114525896,0.6666475443624702,0.0,-0.7961864247267118,-0.028069252841088462,1.3339258556791114,1.2205887297547335
Apartment,2,3,13,1.46,0.0,24,0.0,2.02,7.08,11.1,Friday,Winter,0,7.12,0,0,2,-1.0290764278769977,-0.6466304033004656,1.3696231446765648,-0.6898021819267398,-1.7653169806721734,0.0,-0.7961864247267118,1.1393104060813573,0.5373663295070611,-1.2819741313241935
Apartment,4,3,5,1.87,0.0,24,1.62,2.87,8.18,9.6,Saturday,Winter,1,12.53,0,2,2,-0.028478554847755435,-0.6466304033004656,-1.249737043744964,-0.5682971312423355,-1.7653169806721734,0.0,1.6250002366566816,2.739750261055678,1.2497366374658048,-1.4136879661178212
Apartment,7,3,14,10.1,7.52,24,1.12,0.57,6.68,38.4,Friday,Summer,0,27.88,0,0,1,1.4724182546961082,-0.6466304033004656,1.697043168229256,1.87069449591046,0.24882104006136394,0.0,0.8777204028963751,-1.590851699463072,0.2783225811584267,1.115217661919831
Independent House,3,6,4,7.98,10.34,24,0.0,1.07,7.71,38.6,Monday,Summer,0,19.18,1,1,1,-0.5287774913623766,0.9637518271413074,-1.5771570672976551,1.2424244777374436,1.0041227978364407,0.0,-0.7961864247267118,-0.6494164906546479,0.9453602331561598,1.1327795065589816
Apartment,6,4,8,8.57,10.32,24,0.0,2.08,6.67,37.6,Sunday,Summer,1,23.6,0,3,1,0.9721193181814869,-0.10983632648654133,-0.2674769730868907,1.4172732092101228,0.9987660477812983,0.0,-0.7961864247267118,1.2522826311383681,0.27184648744971096,1.04497028336323
Apartment,6,3,11,6.32,6.81,24,0.0,0.92,5.5,39.7,Friday,Summer,0,14.39,0,0,1,0.9721193181814869,-0.6466304033004656,0.7147830975711826,0.7504771993566853,0.058656413103809216,0.0,-0.7961864247267118,-0.931847053297175,-0.4858564764700439,1.2293696520743087
Villa,3,8,14,5.25,7.2,24,1.01,1.34,6.63,21.9,Sunday,Spring/Autumn,1,17.87,2,3,0,-0.5287774913623766,2.037339980769156,1.697043168229256,0.4333786524486061,0.1631130391790859,0.0,0.7133188394691075,-0.14104147789809898,0.24594211261484752,-0.3336345208100739
Apartment,1,2,11,0.04,3.82,24,0.0,1.19,5.54,10.9,Saturday,Winter,1,5.54,0,2,2,-1.529375364391619,-1.18342448011439,0.7147830975711826,-1.110624552589798,-0.7421777201399775,0.0,-0.7961864247267118,-0.42347204054062637,-0.45995210163518047,-1.2995359759633436
Apartment,4,2,9,1.63,0.99,24,0.0,0.83,5.29,15.6,Friday,Winter,0,7.37,0,0,2,-0.028478554847755435,-1.18342448011439,0.05994305046580039,-0.6394220389600356,-1.5001578529426252,0.0,-0.7961864247267118,-1.1013053908826915,-0.6218544443530768,-0.8868326269433102
Apartment,4,3,4,6.57,9.66,24,0.0,2.22,3.04,37.5,Monday,Summer,0,16.62,0,1,1,-0.028478554847755435,-0.6466304033004656,-1.5771570672976551,0.8245656448959562,0.8219932959615995,0.0,-0.7961864247267118,1.515884489604727,-2.078975528814144,1.0361893610436546
Apartment,1,4,13,0.36,2.81,24,0.0,1.85,3.58,13.2,Friday,Winter,0,5.75,0,0,2,-1.529375364391619,-0.10983632648654133,1.3696231446765648,-1.0157913422995315,-1.012693597924668,0.0,-0.7961864247267118,0.8192224350864933,-1.7292664685434878,-1.0975747626131145
Villa,3,9,9,3.28,3.32,24,0.79,1.98,9.08,22.3,Saturday,Spring/Autumn,1,14.37,2,2,0,-0.5287774913623766,2.5741340575830804,0.05994305046580039,-0.15043829840084813,-0.8760964715185372,0.0,0.3845157126145727,1.0639955893766833,1.8325850712502318,-0.29851083153177294
Independent House,1,4,5,8.31,11.07,24,2.14,1.68,5.32,38.6,Thursday,Summer,0,18.08,1,4,1,-1.529375364391619,-0.10983632648654133,-1.249737043744964,1.3402212258492812,1.1996441748491378,0.0,2.4021712637674004,0.49913446409162887,-0.6024261632269291,1.1327795065589816
Villa,5,8,11,9.16,7.3,24,0.77,1.59,8.7,34.9,Thursday,Summer,0,21.9,2,4,1,0.47182038166686574,2.037339980769156,0.7147830975711826,1.5921219406828018,0.18989678945479774,0.0,0.3546245192641604,0.3296761265061129,1.586493510319029,0.8078853807346997
Apartment,2,4,13,0.0,4.66,24,1.14,1.5,6.49,20.1,Sunday,Spring/Autumn,1,6.98,0,3,0,-1.0290764278769977,-0.10983632648654133,1.3696231446765648,-1.1224787038760815,-0.5171942178239972,0.0,0.907611596246787,0.16021778892059646,0.1552768006928258,-0.49169112256242686
Independent House,3,4,13,0.43,1.88,24,0.94,1.78,4.95,7.8,Wednesday,Winter,0,6.64,1,6,2,-0.5287774913623766,-0.10983632648654133,1.3696231446765648,-0.9950465775485355,-1.261782475488789,0.0,0.6086996627426645,0.6874215058533139,-0.8420416304494157,-1.5717445678701742
Apartment,4,4,4,1.74,12.42,24,1.07,0.99,5.07,29.1,Saturday,Spring/Autumn,1,10.24,0,2,0,-0.028478554847755435,-0.10983632648654133,-1.5771570672976551,-0.6068231229227565,1.5612248035712488,0.0,0.8029924195203444,-0.8000461240639958,-0.7643285059448254,0.29859188619933946
Independent House,6,6,11,1.94,5.68,24,0.94,1.29,7.68,22.5,Friday,Spring/Autumn,0,10.53,1,0,0,0.9721193181814869,0.9637518271413074,0.7147830975711826,-0.5475523664913398,-0.2439999650117356,0.0,0.6086996627426645,-0.23518499877894145,0.9259319520300121,-0.28094898689262265
Independent House,4,4,9,0.0,4.44,24,0.0,0.6,7.39,14.8,Monday,Winter,0,5.3,1,1,2,-0.028478554847755435,-0.10983632648654133,0.05994305046580039,-1.1224787038760815,-0.5761184684305634,0.0,-0.7961864247267118,-1.5343655869345663,0.7381252344772523,-0.9570800054999116
Independent House,2,4,8,9.94,9.86,24,0.0,1.26,7.35,35.2,Saturday,Summer,1,20.6,1,2,1,-1.0290764278769977,-0.10983632648654133,-0.2674769730868907,1.8232778907653266,0.8755607965130232,0.0,-0.7961864247267118,-0.29167111130744694,0.7122208596423888,0.8342281476934257
Apartment,7,2,9,3.98,5.34,24,0.0,0.2,3.59,23.2,Wednesday,Spring/Autumn,0,11.51,0,6,0,1.4724182546961082,-1.18342448011439,0.05994305046580039,0.05700934910911026,-0.33506471594915616,0.0,-0.7961864247267118,-2.2875137539813055,-1.7227903748347722,-0.21948253065559645
Villa,4,6,14,4.21,4.79,24,1.19,1.49,7.29,27.5,Thursday,Spring/Autumn,0,14.42,2,4,0,-0.028478554847755435,0.9637518271413074,1.697043168229256,0.12517071900523943,-0.48237534246557173,0.0,0.9823395796228178,0.14138908474442796,0.673364297390094,0.1580971290861364
Apartment,4,2,9,7.84,6.47,24,0.7,0.47,5.46,38.1,Friday,Summer,0,18.72,0,0,1,-0.028478554847755435,-1.18342448011439,0.05994305046580039,1.2009349482354519,-0.03240833783361132,0.0,0.2500053425377174,-1.7791387412247566,-0.5117608513049073,1.0888748949611058
Independent House,4,5,11,4.13,10.54,24,0.0,1.09,7.26,42.1,Thursday,Summer,0,13.63,1,4,1,-0.028478554847755435,0.426957750327383,0.7147830975711826,0.10146241643267274,1.0576902983878642,0.0,-0.7961864247267118,-0.6117590823023109,0.6539360162639463,1.440111787744113
Independent House,1,5,9,1.11,2.84,24,2.96,2.04,6.72,13.5,Thursday,Winter,0,8.43,1,4,2,-1.529375364391619,0.426957750327383,0.05994305046580039,-0.7935260056817189,-1.0046584728419545,0.0,3.6277101911343035,1.1769678144336941,0.30422695599329014,-1.071231995654389
Apartment,2,3,7,0.0,6.83,24,0.0,0.98,3.11,19.7,Sunday,Spring/Autumn,1,6.05,0,3,0,-1.0290764278769977,-0.6466304033004656,-0.5948969966395818,-1.1224787038760815,0.06401316315895172,0.0,-0.7961864247267118,-0.8188748282401643,-2.033642872853133,-0.5268148118407278
Apartment,2,3,8,4.56,11.68,24,0.99,1.48,3.71,34.3,Thursday,Summer,0,12.47,0,4,1,-1.0290764278769977,-0.6466304033004656,-0.2674769730868907,0.2288945427602185,1.3630250515309805,0.0,0.6834276461186952,0.12256038056825948,-1.6450772503301818,0.7551998468172485
Apartment,4,4,10,5.07,10.77,24,0.0,1.85,6.15,41.9,Monday,Summer,0,14.94,0,1,1,-0.028478554847755435,-0.10983632648654133,0.3873630740184915,0.3800349716603312,1.1192929240220018,0.0,-0.7961864247267118,0.8192224350864933,-0.06491038540351317,1.4225499431049624
Apartment,2,3,4,0.68,3.43,24,0.0,1.28,2.34,16.3,Saturday,Winter,1,6.47,0,2,2,-1.0290764278769977,-0.6466304033004656,-1.5771570672976551,-0.9209581320092647,-0.846634346215254,0.0,-0.7961864247267118,-0.25401370295510994,-2.5323020884242537,-0.8253661707062838
Apartment,4,4,12,3.45,3.31,24,0.0,1.58,7.13,19.8,Sunday,Spring/Autumn,1,13.05,0,3,0,-0.028478554847755435,-0.10983632648654133,1.0422031211238738,-0.10005815543414384,-0.8787748465461084,0.0,-0.7961864247267118,0.3108474223299444,0.5697467980506402,-0.5180338895211525
Independent House,7,3,5,9.23,5.9,24,0.0,0.96,4.23,35.7,Thursday,Summer,0,21.65,1,4,1,1.4724182546961082,-0.6466304033004656,-1.249737043744964,1.6128667054337977,-0.18507571440516918,0.0,-0.7961864247267118,-0.8565322365925012,-1.308320377476957,0.8781327592913015
Apartment,1,3,6,0.09,1.45,24,0.0,0.95,8.18,9.7,Tuesday,Winter,0,5.18,0,5,2,-1.529375364391619,-0.6466304033004656,-0.9223170201922729,-1.095806863481944,-1.3769526016743503,0.0,-0.7961864247267118,-0.8753609407686698,1.2497366374658048,-1.4049070437982458
Apartment,4,4,5,1.68,0.0,24,0.0,1.25,6.14,14.8,Saturday,Winter,1,7.65,0,2,2,-0.028478554847755435,-0.10983632648654133,-1.249737043744964,-0.6246043498521814,-1.7653169806721734,0.0,-0.7961864247267118,-0.31049981548361544,-0.07138647911222945,-0.9570800054999116
Apartment,6,3,8,5.96,12.53,24,1.02,1.06,7.54,42.5,Wednesday,Summer,0,16.27,0,6,1,0.9721193181814869,-0.6466304033004656,-0.2674769730868907,0.6437898377801353,1.5906869288745318,0.0,0.7282644361443137,-0.6682451948308163,0.8352666401079903,1.4752354770224136
Villa,3,6,5,1.69,5.91,24,0.0,0.99,6.54,30.4,Friday,Spring/Autumn,0,8.87,2,0,0,-0.5287774913623766,0.9637518271413074,-1.249737043744964,-0.6216408120306106,-0.18239733937759806,0.0,-0.7961864247267118,-0.8000461240639958,0.18765726923640494,0.41274387635381654
Independent House,6,6,10,3.2,8.25,24,0.0,1.99,6.37,27.3,Saturday,Spring/Autumn,1,13.63,1,2,0,0.9721193181814869,0.9637518271413074,0.3873630740184915,-0.17414660097341467,0.4443424170740612,0.0,-0.7961864247267118,1.0828242935528518,0.07756367618823547,0.14053528444698613
Apartment,7,2,8,5.85,7.29,24,0.0,1.41,8.36,40.7,Friday,Summer,0,18.5,0,0,1,1.4724182546961082,-1.18342448011439,-0.2674769730868907,0.611190921742856,0.18721841442722661,0.0,-0.7961864247267118,-0.009240548664919971,1.36630632422269,1.3171788752700606
Independent House,7,6,12,11.61,11.11,24,0.5,2.01,5.86,35.2,Sunday,Summer,1,29.99,1,3,1,1.4724182546961082,0.9637518271413074,1.0422031211238738,2.3181887069676557,1.2103576749594223,0.0,-0.04890659096640519,1.1204817019051883,-0.2527171029562729,0.8342281476934257
Apartment,6,4,13,5.99,8.97,24,0.0,0.8,9.42,39.2,Wednesday,Summer,0,17.68,0,6,1,0.9721193181814869,-0.10983632648654133,1.3696231446765648,0.6526804512448479,0.6371854190591872,0.0,-0.7961864247267118,-1.1577915034111967,2.0527722573465708,1.1854650404764329
Apartment,5,2,10,0.0,2.68,24,0.0,1.07,2.76,16.4,Thursday,Winter,0,5.22,0,4,2,0.47182038166686574,-1.18342448011439,0.3873630740184915,-1.1224787038760815,-1.0475124732830936,0.0,-0.7961864247267118,-0.6494164906546479,-2.260306152658188,-0.8165852483867089
Apartment,5,3,14,1.83,0.09,24,0.0,1.97,7.22,10.3,Sunday,Winter,1,9.94,0,3,2,0.47182038166686574,-0.6466304033004656,1.697043168229256,-0.5801512825286189,-1.7412116054240327,0.0,-0.7961864247267118,1.0451668852005147,0.6280316414290829,-1.3522215098807948
Independent House,3,5,10,0.17,5.0,24,1.11,1.35,6.27,9.4,Tuesday,Winter,0,6.47,1,5,2,-0.5287774913623766,0.426957750327383,0.3873630740184915,-1.0720985609093772,-0.42612946688657666,0.0,0.862774806221169,-0.1222127737219305,0.012802739101076578,-1.4312498107569713
Apartment,1,4,10,1.23,8.55,24,0.91,1.0,5.29,21.3,Wednesday,Spring/Autumn,0,8.31,0,6,0,-1.529375364391619,-0.10983632648654133,0.3873630740184915,-0.7579635518228689,0.5246936679011972,0.0,0.5638628727170463,-0.7812174198878273,-0.6218544443530768,-0.3863200547275248
Apartment,7,2,11,1.34,1.32,24,0.0,1.01,6.26,19.8,Saturday,Winter,1,8.51,0,2,2,1.4724182546961082,-1.18342448011439,0.7147830975711826,-0.7253646357855896,-1.4117714770327758,0.0,-0.7961864247267118,-0.7623887157116588,0.006326645392360861,-0.5180338895211525
Villa,6,6,6,2.12,5.04,24,0.0,2.87,6.31,19.7,Monday,Spring/Autumn,0,11.4,2,1,0,0.9721193181814869,0.9637518271413074,-0.9223170201922729,-0.4942086857030647,-0.4154159667762919,0.0,-0.7961864247267118,2.739750261055678,0.038707113935940014,-0.5268148118407278
Independent House,6,5,11,7.22,12.0,24,1.11,1.63,6.51,36.7,Friday,Summer,0,22.11,1,0,1,0.9721193181814869,0.426957750327383,0.7147830975711826,1.0171956032980602,1.4487330524132587,0.0,0.862774806221169,0.40499094321078644,0.16822898811025722,0.9659419824870533
Apartment,2,2,10,0.0,2.28,24,0.0,1.67,5.89,16.0,Thursday,Winter,0,4.97,0,4,2,-1.0290764278769977,-1.18342448011439,0.3873630740184915,-1.1224787038760815,-1.1546474743859414,0.0,-0.7961864247267118,0.4803057599154604,-0.2332888218301258,-0.8517089376650094
Villa,3,5,9,0.0,0.64,24,0.0,1.88,8.75,7.8,Saturday,Winter,1,6.61,2,2,2,-0.5287774913623766,0.426957750327383,0.05994305046580039,-1.1224787038760815,-1.593900978907617,0.0,-0.7961864247267118,0.8757085476149983,1.6188739788626085,-1.5717445678701742
Apartment,6,2,8,5.59,10.72,24,0.72,1.24,7.9,41.0,Monday,Summer,0,16.94,0,1,1,0.9721193181814869,-1.18342448011439,-0.2674769730868907,0.5341389383820144,1.105901048884146,0.0,0.2798965358881296,-0.32932851965978394,1.0684060136217612,1.343521642228786
Apartment,3,3,12,4.74,8.87,24,0.0,1.11,6.7,44.1,Monday,Summer,0,11.73,0,1,1,-0.5287774913623766,-0.6466304033004656,1.0422031211238738,0.28223822354849365,0.6104016687834749,0.0,-0.7961864247267118,-0.5741016739499739,0.2912747685758587,1.6157302341356166
Independent House,1,4,6,0.0,5.78,24,0.63,1.46,6.42,14.3,Saturday,Spring/Autumn,1,5.99,1,2,0,-1.529375364391619,-0.10983632648654133,-0.9223170201922729,-1.1224787038760815,-0.21721621473602354,0.0,0.14538616581127453,0.0849029722159225,0.10994414473181462,-1.0009846170977874
Villa,5,6,13,0.0,4.89,24,0.8,1.95,5.98,5.3,Friday,Winter,0,7.12,2,0,2,0.47182038166686574,0.9637518271413074,1.3696231446765648,-1.1224787038760815,-0.4555915921898599,0.0,0.3994613092897788,1.0075094768481778,-0.17500397845168264,-1.7912676258595537
Independent House,2,5,14,0.34,0.48,24,1.5,1.67,7.28,8.4,Tuesday,Winter,0,7.16,1,5,2,-1.0290764278769977,0.426957750327383,1.697043168229256,-1.021718417942673,-1.636754979348756,0.0,1.445653076554208,0.4803057599154604,0.6668882036813782,-1.519059033952723
Independent House,4,6,14,2.04,6.24,24,0.8,1.26,9.01,30.3,Tuesday,Spring/Autumn,0,10.16,1,5,0,-0.028478554847755435,0.9637518271413074,1.697043168229256,-0.5179169882756314,-0.09401096346774865,0.0,0.3994613092897788,-0.29167111130744694,1.7872524152892206,0.40396295403424154
Independent House,1,3,8,1.54,4.96,24,0.0,1.15,3.54,25.8,Friday,Spring/Autumn,0,7.43,1,0,0,-1.529375364391619,-0.6466304033004656,-0.2674769730868907,-0.6660938793541731,-0.4368429669968615,0.0,-0.7961864247267118,-0.49878685724530036,-1.7551708433783513,0.008821449653358394
Independent House,6,5,10,1.97,2.9,24,0.0,1.21,6.96,10.4,Monday,Winter,0,10.31,1,1,2,0.9721193181814869,0.426957750327383,0.3873630740184915,-0.5386617530266272,-0.9885882226765274,0.0,-0.7961864247267118,-0.3858146321882894,0.45965320500247075,-1.3434405875612196
Apartment,3,4,4,3.34,3.63,24,0.0,1.56,4.81,12.7,Monday,Winter,0,10.55,0,1,2,-0.5287774913623766,-0.10983632648654133,-1.5771570672976551,-0.1326570714714231,-0.7930668456638302,0.0,-0.7961864247267118,0.2731900139776074,-0.932706942371438,-1.1414793742109905
Independent House,1,4,14,8.41,13.7,24,0.0,1.19,7.11,41.9,Thursday,Summer,0,16.56,1,4,1,-1.529375364391619,-0.10983632648654133,1.697043168229256,1.3698566040649893,1.9040568071003614,0.0,-0.7961864247267118,-0.42347204054062637,0.5567946106332088,1.4225499431049624
Independent House,7,6,13,0.18,1.04,24,0.0,1.81,5.24,19.2,Thursday,Winter,0,7.32,1,4,2,1.4724182546961082,0.9637518271413074,1.3696231446765648,-1.0691350230878063,-1.4867659778047693,0.0,-0.7961864247267118,0.7439076183818193,-0.6542349128966559,-0.5707194234386037
Independent House,2,3,10,2.05,4.9,24,0.0,1.32,4.68,23.6,Sunday,Spring/Autumn,1,9.19,1,3,0,-1.0290764278769977,-0.6466304033004656,0.3873630740184915,-0.5149534504540606,-0.45291321716228855,0.0,-0.7961864247267118,-0.17869888625043598,-1.0168961605847442,-0.18435884137729552
Apartment,4,2,6,10.01,12.66,24,0.95,1.86,5.91,35.9,Tuesday,Summer,0,24.78,0,5,1,-0.028478554847755435,-1.18342448011439,-0.9223170201922729,1.8440226555163226,1.6255058042329575,0.0,0.6236452594178706,0.8380511392626617,-0.2203366344126938,0.8956946039304515
Apartment,3,3,6,2.11,0.44,24,1.06,1.42,7.29,13.5,Thursday,Winter,0,8.41,0,4,2,-0.5287774913623766,-0.6466304033004656,-0.9223170201922729,-0.49717222352463564,-1.6474684794590408,0.0,0.7880468228451383,0.009588155511248522,0.673364297390094,-1.071231995654389
Apartment,6,2,5,0.0,0.43,24,0.0,1.09,3.16,14.5,Friday,Winter,0,5.34,0,0,2,0.9721193181814869,-1.18342448011439,-1.249737043744964,-1.1224787038760815,-1.6501468544866122,0.0,-0.7961864247267118,-0.6117590823023109,-2.0012624043095535,-0.9834227724586372
Independent House,1,5,5,0.0,7.63,24,0.0,1.56,6.15,15.9,Friday,Spring/Autumn,0,6.52,1,0,0,-1.529375364391619,0.426957750327383,-1.249737043744964,-1.1224787038760815,0.27828316536464714,0.0,-0.7961864247267118,0.2731900139776074,-0.06491038540351317,-0.8604898599845846
Independent House,6,4,6,8.08,8.27,24,0.0,1.96,7.52,29.7,Wednesday,Summer,1,19.99,1,6,1,0.9721193181814869,-0.10983632648654133,-0.9223170201922729,1.272059855953152,0.44969916712920344,0.0,-0.7961864247267118,1.0263381810243462,0.8223144526905584,0.35127742011679036
Apartment,2,4,9,8.01,9.75,24,1.1,0.99,5.83,35.9,Thursday,Summer,0,17.89,0,4,1,-1.0290764278769977,-0.10983632648654133,0.05994305046580039,1.251315091202156,0.8460986712097401,0.0,0.8478292095459629,-0.8000461240639958,-0.27214538408242067,0.8956946039304515
Villa,2,8,4,1.89,5.81,24,0.0,2.74,8.67,20.4,Thursday,Spring/Autumn,0,11.16,2,4,0,-1.0290764278769977,2.037339980769156,-1.5771570672976551,-0.562370055599194,-0.20918108965331011,0.0,-0.7961864247267118,2.4949771067654876,1.5670652291928817,-0.4653483556037016
Villa,5,8,12,0.0,1.51,24,0.0,3.43,7.89,9.5,Friday,Winter,0,8.77,2,0,2,0.47182038166686574,2.037339980769156,1.0422031211238738,-1.1224787038760815,-1.3608823515089232,0.0,-0.7961864247267118,3.7941576949211124,1.061929919913045,-1.4224688884373962
Apartment,7,3,13,7.29,9.22,24,1.02,1.5,7.75,35.2,Friday,Summer,0,18.48,0,0,1,1.4724182546961082,-0.6466304033004656,1.3696231446765648,1.0379403680490562,0.7041447947484671,0.0,0.7282644361443137,0.16021778892059646,0.9712646079910232,0.8342281476934257
Apartment,5,2,11,3.19,4.93,24,0.0,0.81,5.43,25.7,Friday,Spring/Autumn,0,11.42,0,0,0,0.47182038166686574,-1.18342448011439,0.7147830975711826,-0.17711013879498558,-0.4448780920795751,0.0,-0.7961864247267118,-1.1389627992350282,-0.531189132431055,4.0527333783088164e-05
Independent House,4,3,7,1.71,2.01,24,0.82,1.95,6.77,19.9,Sunday,Spring/Autumn,1,10.15,1,3,0,-0.028478554847755435,-0.6466304033004656,-0.5948969966395818,-0.615713736387469,-1.2269636001303637,0.0,0.4293525026401909,1.0075094768481778,0.33660742453686926,-0.5092529672015775
Apartment,2,3,6,0.0,6.14,24,0.99,1.41,7.54,22.3,Saturday,Spring/Autumn,1,6.37,0,2,0,-1.0290764278769977,-0.6466304033004656,-0.9223170201922729,-1.1224787038760815,-0.12079471374346072,0.0,0.6834276461186952,-0.009240548664919971,0.8352666401079903,-0.29851083153177294
Villa,5,6,11,0.72,3.85,24,1.33,1.08,5.51,11.5,Tuesday,Winter,0,7.31,2,5,2,0.47182038166686574,0.9637518271413074,0.7147830975711826,-0.9091039807229814,-0.7341425950572639,0.0,1.1915779330757037,-0.6305877864784794,-0.47938038276132816,-1.2468504420458926
Independent House,4,5,8,7.25,15.31,24,0.0,2.09,7.2,32.2,Monday,Summer,0,20.87,1,1,1,-0.028478554847755435,0.426957750327383,-0.2674769730868907,1.026086216762773,2.3352751865393238,0.0,-0.7961864247267118,1.2711113353145362,0.6150794540116514,0.5708004781061702
Independent House,1,4,4,0.48,3.68,24,0.0,1.31,6.96,3.7,Saturday,Winter,1,6.42,1,2,2,-1.529375364391619,-0.10983632648654133,-1.5771570672976551,-0.9802288884406815,-0.7796749705259741,0.0,-0.7961864247267118,-0.19752759042660448,0.45965320500247075,-1.9317623829727568
Apartment,5,3,14,7.22,11.1,24,0.0,1.65,5.72,30.7,Monday,Summer,0,18.13,0,1,1,0.47182038166686574,-0.6466304033004656,1.697043168229256,1.0171956032980602,1.2076792999318513,0.0,-0.7961864247267118,0.44264835156312343,-0.3433824148782953,0.43908664331254216
Apartment,2,2,6,1.76,1.17,24,0.0,2.48,8.39,5.9,Saturday,Winter,1,9.93,0,2,2,-1.0290764278769977,-1.18342448011439,-0.9223170201922729,-0.6008960472796147,-1.4519471024463437,0.0,-0.7961864247267118,2.005430798185107,1.3857346053488382,-1.7385820919421027
Independent House,7,3,9,1.12,2.43,24,0.0,1.25,5.83,12.3,Monday,Winter,0,7.5,1,1,2,1.4724182546961082,-0.6466304033004656,0.05994305046580039,-0.790562467860148,-1.1144718489723735,0.0,-0.7961864247267118,-0.31049981548361544,-0.27214538408242067,-1.176603063489291
Independent House,7,5,10,6.03,9.36,24,0.0,1.71,6.22,35.4,Thursday,Summer,0,17.93,1,4,1,1.4724182546961082,0.426957750327383,0.3873630740184915,0.6645346025311312,0.7416420451344635,0.0,-0.7961864247267118,0.5556205766201344,-0.01957772944250258,0.8517899923325756
Apartment,5,4,11,1.31,4.77,24,0.0,1.93,5.53,17.2,Monday,Spring/Autumn,0,9.06,0,1,0,0.47182038166686574,-0.10983632648654133,0.7147830975711826,-0.7342552492503023,-0.48773209252071426,0.0,-0.7961864247267118,0.9698520684958408,-0.4664281953438962,-0.7463378698301073
Independent House,3,6,8,1.22,3.9,24,1.33,2.02,5.76,25.8,Monday,Spring/Autumn,0,8.48,1,1,0,-0.5287774913623766,0.9637518271413074,-0.2674769730868907,-0.7609270896444397,-0.720750719919408,0.0,1.1915779330757037,1.1393104060813573,-0.31747804004343183,0.008821449653358394
Apartment,6,2,8,12.48,11.06,24,0.83,1.41,4.12,33.0,Sunday,Summer,1,30.03,0,3,1,0.9721193181814869,-1.18342448011439,-0.2674769730868907,2.5760164974443187,1.1969657998215666,0.0,0.4442980993153971,-0.009240548664919971,-1.3795574082728317,0.6410478566627714
Villa,5,9,13,11.19,9.21,24,0.0,2.69,7.68,40.8,Sunday,Summer,1,29.78,2,3,1,0.47182038166686574,2.5741340575830804,1.3696231446765648,2.193720118461681,0.701466419720896,0.0,-0.7961864247267118,2.400833585884645,0.9259319520300121,1.3259597975896353
Apartment,5,3,5,1.41,2.03,24,0.72,1.17,6.41,16.1,Wednesday,Spring/Autumn,0,7.75,0,6,0,0.47182038166686574,-0.6466304033004656,-1.249737043744964,-0.704619871034594,-1.2216068500752213,0.0,0.2798965358881296,-0.46112944889296337,0.1034680510230989,-0.8429280153454342
Apartment,4,4,5,0.0,1.95,24,1.12,1.8,4.6,15.5,Tuesday,Winter,0,6.7,0,5,2,-0.028478554847755435,-0.10983632648654133,-1.249737043744964,-1.1224787038760815,-1.2430338502957907,0.0,0.8777204028963751,0.7250789142056508,-1.068704910254471,-0.8956135492628854
Apartment,1,3,12,3.64,2.62,24,1.05,2.06,4.53,24.2,Monday,Spring/Autumn,0,10.86,0,1,0,-1.529375364391619,-0.6466304033004656,1.0422031211238738,-0.04375093682429803,-1.0635827234485207,0.0,0.773101226169932,1.2146252227860312,-1.1140375662154816,-0.13167330745984462
Apartment,1,2,7,9.15,8.74,24,0.0,1.05,4.9,41.8,Thursday,Summer,0,18.5,0,4,1,-1.529375364391619,-1.18342448011439,-0.5948969966395818,1.5891584028612311,0.5755827934250497,0.0,-0.7961864247267118,-0.6870738990069848,-0.874422098992995,1.413769020785387
Apartment,2,4,7,1.66,0.0,24,0.0,2.13,4.01,32.5,Saturday,Spring/Autumn,1,8.14,0,2,0,-1.0290764278769977,-0.10983632648654133,-0.5948969966395818,-0.6305314254953232,-1.7653169806721734,0.0,-0.7961864247267118,1.3464261520192102,-1.4507944390687062,0.5971432450648955
Villa,2,8,5,10.33,10.8,24,0.82,1.37,5.24,35.1,Thursday,Summer,0,22.14,2,4,1,-1.0290764278769977,2.037339980769156,-1.249737043744964,1.9388558658065893,1.1273280491047157,0.0,0.4293525026401909,-0.08455536536959352,-0.6542349128966559,0.8254472253738503
Apartment,2,2,4,0.7,4.88,24,0.0,1.02,5.06,3.0,Thursday,Winter,0,5.91,0,4,2,-1.0290764278769977,-1.18342448011439,-1.5771570672976551,-0.9150310563661231,-0.458269967217431,0.0,-0.7961864247267118,-0.7435600115354903,-0.7708045996535418,-1.993228839209783
Apartment,6,2,7,7.75,8.82,24,1.12,1.66,4.28,43.6,Saturday,Summer,1,23.05,0,2,1,0.9721193181814869,-1.18342448011439,-0.5948969966395818,1.1742631078413144,0.5970097936456192,0.0,0.8777204028963751,0.46147705573929193,-1.2759399089333778,1.5718256225377407
Apartment,2,4,10,5.5,9.36,24,0.97,1.0,6.1,38.9,Monday,Summer,0,14.14,0,1,1,-1.0290764278769977,-0.10983632648654133,0.3873630740184915,0.5074670979878769,0.7416420451344635,0.0,0.653536452768283,-0.7812174198878273,-0.09729085394709289,1.159122273517707
Apartment,1,2,6,7.8,10.58,24,0.0,0.99,5.15,38.0,Friday,Summer,0,16.29,0,0,1,-1.529375364391619,-1.18342448011439,-0.9223170201922729,1.1890807969491688,1.0684037984981491,0.0,-0.7961864247267118,-0.8000461240639958,-0.7125197562750986,1.0800939726415304
Independent House,2,6,7,0.0,2.3,24,1.05,1.56,5.75,15.6,Thursday,Winter,0,6.44,1,4,2,-1.0290764278769977,0.9637518271413074,-0.5948969966395818,-1.1224787038760815,-1.149290724330799,0.0,0.773101226169932,0.2731900139776074,-0.32395413375214754,-0.8868326269433102
Apartment,6,4,9,6.98,9.65,24,0.0,2.07,7.27,38.9,Monday,Summer,0,22.72,0,1,1,0.9721193181814869,-0.10983632648654133,0.05994305046580039,0.9460706955803604,0.8193149209340284,0.0,-0.7961864247267118,1.2334539269621991,0.660412109972662,1.159122273517707
Apartment,5,2,9,7.77,15.68,24,0.0,2.02,4.44,40.3,Tuesday,Summer,1,22.04,0,5,1,0.47182038166686574,-1.18342448011439,0.05994305046580039,1.180190183484456,2.434375062559458,0.0,-0.7961864247267118,1.1393104060813573,-1.1723224095939242,1.2820551859917593
Apartment,1,2,5,8.77,11.47,24,0.59,1.06,5.21,28.3,Monday,Summer,0,19.18,0,1,1,-1.529375364391619,-1.18342448011439,-1.249737043744964,1.4765439656415391,1.3067791759519856,0.0,0.08560377911044995,-0.6682451948308163,-0.6736631940228037,0.22834450764273792
Apartment,7,3,8,0.0,2.38,24,1.16,1.7,8.01,13.2,Wednesday,Winter,0,7.21,0,6,2,1.4724182546961082,-0.6466304033004656,-0.2674769730868907,-1.1224787038760815,-1.1278637241102294,0.0,0.9375027895971993,0.5367918724439659,1.1396430444176353,-1.0975747626131145
Apartment,3,2,11,3.01,10.53,24,1.07,1.56,4.18,35.4,Thursday,Summer,0,11.78,0,4,1,-0.5287774913623766,-1.18342448011439,0.7147830975711826,-0.23045381958326064,1.055011923360293,0.0,0.8029924195203444,0.2731900139776074,-1.3407008460205367,0.8517899923325756
Apartment,4,2,8,6.34,7.98,24,1.12,1.61,7.7,36.3,Monday,Summer,0,15.92,0,1,1,-0.028478554847755435,-1.18342448011439,-0.2674769730868907,0.7564042749998269,0.37202629132963905,0.0,0.8777204028963751,0.3673335348584499,0.9388841394474441,0.9308182932087521
Apartment,5,2,13,0.0,1.39,24,0.6,1.32,4.86,10.0,Sunday,Winter,1,6.68,0,3,2,0.47182038166686574,-1.18342448011439,1.3696231446765648,-1.1224787038760815,-1.3930228518397776,0.0,0.10054937578565609,-0.17869888625043598,-0.9003264738278584,-1.3785642768395203
Apartment,3,2,9,6.75,11.5,24,0.0,1.95,5.74,41.3,Thursday,Summer,0,15.88,0,4,1,-0.5287774913623766,-1.18342448011439,0.05994305046580039,0.8779093256842311,1.314814301034699,0.0,-0.7961864247267118,1.0075094768481778,-0.33043022746086326,1.3698644091875112
Apartment,2,2,10,0.0,2.29,24,0.78,1.75,5.08,9.3,Monday,Winter,0,5.02,0,1,2,-1.0290764278769977,-1.18342448011439,0.3873630740184915,-1.1224787038760815,-1.15196909935837,0.0,0.3695701159393665,0.6309353933248083,-0.7578524122361097,-1.4400307330765465
Apartment,3,2,8,8.48,9.1,24,0.0,1.59,2.12,37.5,Thursday,Summer,0,17.86,0,4,1,-0.5287774913623766,-1.18342448011439,-0.2674769730868907,1.3906013688159853,0.6720042944176126,0.0,-0.7961864247267118,0.3296761265061129,-2.6747761500160023,1.0361893610436546
Independent House,5,5,7,8.58,9.53,24,2.54,1.67,4.92,44.2,Thursday,Summer,0,22.11,1,4,1,0.47182038166686574,0.426957750327383,-0.5948969966395818,1.4202367470316934,0.7871744206031738,0.0,2.999995130775646,0.4803057599154604,-0.8614699115755635,1.624511156455192
Independent House,7,4,8,0.95,5.52,24,1.1,1.63,5.45,25.9,Saturday,Spring/Autumn,1,8.49,1,2,0,1.4724182546961082,-0.10983632648654133,-0.2674769730868907,-0.8409426108268523,-0.2868539654528747,0.0,0.8478292095459629,0.40499094321078644,-0.518236945013623,0.01760237197293339
Apartment,5,2,12,5.7,8.64,24,0.0,0.44,2.81,48.4,Wednesday,Summer,0,14.82,0,6,1,0.47182038166686574,-1.18342448011439,1.0422031211238738,0.5667378544192937,0.5487990431493379,0.0,-0.7961864247267118,-1.835624853753262,-2.2279256841146085,1.9933098938773492
Apartment,2,4,14,5.04,15.51,24,1.78,1.25,6.53,31.2,Monday,Summer,0,13.63,0,1,1,-1.0290764278769977,-0.10983632648654133,1.697043168229256,0.37114435819561864,2.3888426870907473,0.0,1.8641297834599797,-0.31049981548361544,0.18118117552768923,0.48299125491041806
Independent House,1,6,8,1.7,3.41,24,0.63,2.14,8.59,25.0,Monday,Spring/Autumn,0,8.81,1,1,0,-1.529375364391619,0.9637518271413074,-0.2674769730868907,-0.6186772742090398,-0.8519910962703964,0.0,0.14538616581127453,1.365254856195379,1.515256479523155,-0.06142592890324312
Apartment,4,4,6,0.14,2.95,24,0.9,1.07,4.36,13.3,Wednesday,Winter,0,6.17,0,6,2,-0.028478554847755435,-0.10983632648654133,-0.9223170201922729,-1.0809891743740898,-0.9751963475386712,0.0,0.54891727604184,-0.6494164906546479,-1.224131159263651,-1.0887938402935393
Apartment,4,2,14,0.0,0.49,24,0.0,1.38,7.06,9.8,Tuesday,Winter,0,5.44,0,5,2,-0.028478554847755435,-1.18342448011439,1.697043168229256,-1.1224787038760815,-1.634076604321185,0.0,-0.7961864247267118,-0.06572666119342545,0.5244141420896291,-1.3961261214786707
Apartment,3,2,14,1.22,5.67,24,0.81,1.74,7.0,21.5,Monday,Spring/Autumn,0,8.58,0,1,0,-0.5287774913623766,-1.18342448011439,1.697043168229256,-0.7609270896444397,-0.24667834003930675,0.0,0.414406905964985,0.6121066891486399,0.48555757983733416,-0.36875821008837445
Apartment,5,3,13,0.51,2.7,24,0.0,1.57,3.97,9.1,Sunday,Winter,1,7.08,0,3,2,0.47182038166686574,-0.6466304033004656,1.3696231446765648,-0.9713382749759688,-1.042155723227951,0.0,-0.7961864247267118,0.2920187181537759,-1.4766988139035695,-1.457592577715697
Apartment,7,3,4,9.49,8.86,24,1.19,1.46,5.58,37.3,Tuesday,Summer,0,22.46,0,5,1,1.4724182546961082,-0.6466304033004656,-1.5771570672976551,1.6899186887946394,0.6077232937559038,0.0,0.9823395796228178,0.0849029722159225,-0.434047726800317,1.018627516404504
Apartment,4,2,7,0.0,2.7,24,0.0,0.32,5.83,8.4,Saturday,Winter,1,5.19,0,2,2,-0.028478554847755435,-1.18342448011439,-0.5948969966395818,-1.1224787038760815,-1.042155723227951,0.0,-0.7961864247267118,-2.0615693038672833,-0.27214538408242067,-1.519059033952723
Apartment,4,3,4,10.54,9.28,24,0.52,1.44,4.54,39.1,Wednesday,Summer,0,23.6,0,6,1,-0.028478554847755435,-0.6466304033004656,-1.5771570672976551,2.0010901600595767,0.7202150449138939,0.0,-0.019015397615992902,0.047245563863585506,-1.1075614725067657,1.1766841181568575
Villa,2,8,12,2.49,7.49,24,2.73,0.88,7.54,24.7,Saturday,Spring/Autumn,1,12.21,2,2,0,-1.0290764278769977,2.037339980769156,1.0422031211238738,-0.38455778630494386,0.24078591497865054,0.0,3.283961467604562,-1.007161870001849,0.8352666401079903,-0.08776869586196873
Apartment,1,3,6,0.18,10.32,24,0.0,0.37,5.19,30.3,Friday,Spring/Autumn,0,4.61,0,0,0,-1.529375364391619,-0.6466304033004656,-0.9223170201922729,-1.0691350230878063,0.9987660477812983,0.0,-0.7961864247267118,-1.967425782986441,-0.6866153814402352,0.40396295403424154
Apartment,5,3,4,7.13,10.21,24,0.0,1.38,7.81,42.6,Thursday,Summer,0,17.34,0,4,1,0.47182038166686574,-0.6466304033004656,-1.5771570672976551,0.9905237629039227,0.9693039224780153,0.0,-0.7961864247267118,-0.06572666119342545,1.0101211702433182,1.484016399341989
Apartment,7,2,9,0.0,2.66,24,0.0,1.8,6.3,14.9,Thursday,Winter,0,6.45,0,4,2,1.4724182546961082,-1.18342448011439,0.05994305046580039,-1.1224787038760815,-1.052869223338236,0.0,-0.7961864247267118,0.7250789142056508,0.0322310202272243,-0.9482990831803364
Apartment,3,4,12,8.16,9.87,24,0.0,1.17,7.19,33.2,Tuesday,Summer,0,19.22,0,5,1,-0.5287774913623766,-0.10983632648654133,1.0422031211238738,1.2957681585257186,0.8782391715405943,0.0,-0.7961864247267118,-0.46112944889296337,0.6086033603029357,0.658609701301922
Independent House,1,4,14,2.98,9.09,24,1.17,1.44,6.77,30.4,Monday,Spring/Autumn,0,10.83,1,1,0,-1.529375364391619,-0.10983632648654133,1.697043168229256,-0.23934443304797307,0.6693259193900414,0.0,0.9524483862724055,0.047245563863585506,0.33660742453686926,0.41274387635381654
Apartment,7,4,10,0.0,4.31,24,1.78,1.95,4.77,5.3,Friday,Winter,0,7.66,0,0,2,1.4724182546961082,-0.10983632648654133,0.3873630740184915,-1.1224787038760815,-0.6109373437889891,0.0,1.8641297834599797,1.0075094768481778,-0.9586113172063015,-1.7912676258595537
Apartment,2,4,11,0.23,3.27,24,0.0,0.34,5.5,13.9,Sunday,Winter,1,5.12,0,3,2,-1.0290764278769977,-0.10983632648654133,0.7147830975711826,-1.0543173339799523,-0.8894883466563931,0.0,-0.7961864247267118,-2.0239118955149467,-0.4858564764700439,-1.0361083063760883
Independent House,4,5,6,5.66,11.9,24,2.22,1.32,7.96,42.7,Tuesday,Summer,0,17.41,1,5,1,-0.028478554847755435,0.426957750327383,-0.9223170201922729,0.5548837031330103,1.4219493021375469,0.0,2.52173603716905,-0.17869888625043598,1.1072625758740562,1.4927973216615642
Apartment,2,3,10,6.13,8.53,24,0.0,1.01,3.58,44.4,Monday,Summer,0,12.96,0,1,1,-1.0290764278769977,-0.6466304033004656,0.3873630740184915,0.6941699807468394,0.5193369178460544,0.0,-0.7961864247267118,-0.7623887157116588,-1.7292664685434878,1.6420730010943418
Independent House,4,6,10,7.52,10.66,24,0.0,2.0,5.28,41.7,Tuesday,Summer,0,21.09,1,5,1,-0.028478554847755435,0.9637518271413074,0.3873630740184915,1.1061017379451852,1.0898307987187188,0.0,-0.7961864247267118,1.1016529977290201,-0.6283305380617925,1.4049880984658125
Apartment,3,3,10,0.0,1.87,24,0.0,1.31,9.76,13.9,Monday,Winter,1,6.1,0,1,2,-0.5287774913623766,-0.6466304033004656,0.3873630740184915,-1.1224787038760815,-1.2644608505163601,0.0,-0.7961864247267118,-0.19752759042660448,2.2729594434429097,-1.0361083063760883
Apartment,7,4,4,1.37,2.63,24,1.0,1.06,3.48,24.8,Wednesday,Spring/Autumn,0,9.79,0,6,0,1.4724182546961082,-0.10983632648654133,-1.5771570672976551,-0.7164740223208772,-1.0609043484209495,0.0,0.6983732427939013,-0.6682451948308163,-1.7940274056306464,-0.07898777354239342
Independent House,4,6,11,0.26,0.0,24,0.0,2.07,8.31,5.7,Thursday,Winter,0,6.82,1,4,2,-0.028478554847755435,0.9637518271413074,0.7147830975711826,-1.0454267205152397,-1.7653169806721734,0.0,-0.7961864247267118,1.2334539269621991,1.3339258556791114,-1.7561439365812532
Independent House,2,6,7,7.94,10.88,24,0.0,1.47,6.01,40.7,Tuesday,Summer,0,17.4,1,5,1,-1.0290764278769977,0.9637518271413074,-0.5948969966395818,1.2305703264511605,1.1487550493252852,0.0,-0.7961864247267118,0.10373167639209098,-0.15557569732553547,1.3171788752700606
Independent House,1,4,12,0.0,5.18,24,0.88,1.24,6.16,29.1,Tuesday,Spring/Autumn,0,6.0,1,5,0,-1.529375364391619,-0.10983632648654133,1.0422031211238738,-1.1224787038760815,-0.3779187163902953,0.0,0.5190260826914278,-0.32932851965978394,-0.05843429169479745,0.29859188619933946
Independent House,1,4,10,4.43,11.23,24,1.82,1.66,5.92,41.6,Thursday,Summer,0,11.6,1,4,1,-1.529375364391619,-0.10983632648654133,0.3873630740184915,0.1903685510797977,1.2424981752902768,0.0,1.9239121701608042,0.46147705573929193,-0.21386054070397809,1.3962071761462371
Apartment,2,3,8,7.12,6.25,24,0.0,1.29,6.07,22.2,Friday,Spring/Autumn,0,18.23,0,0,0,-1.0290764278769977,-0.6466304033004656,-0.2674769730868907,0.987560225082352,-0.09133258844017751,0.0,-0.7961864247267118,-0.23518499877894145,-0.11671913507324004,-0.30729175385134827
Villa,2,5,6,2.34,5.5,24,0.0,0.83,4.14,24.5,Saturday,Spring/Autumn,1,8.71,2,2,0,-1.0290764278769977,0.426957750327383,-0.9223170201922729,-0.42901085362850644,-0.292210715508017,0.0,-0.7961864247267118,-1.1013053908826915,-1.3666052208554003,-0.10533054050111902
Villa,2,8,4,12.59,10.23,24,1.11,2.58,5.87,39.0,Sunday,Summer,1,26.0,2,3,1,-1.0290764278769977,2.037339980769156,-1.5771570672976551,2.6086154134815978,0.9746606725331576,0.0,0.862774806221169,2.193717839946792,-0.24624100924755724,1.1679031958372823
Independent House,6,5,5,0.0,3.51,24,0.0,2.2,4.81,11.1,Sunday,Winter,1,6.99,1,3,2,0.9721193181814869,0.426957750327383,-1.249737043744964,-1.1224787038760815,-0.8252073459946846,0.0,-0.7961864247267118,1.47822708125239,-0.932706942371438,-1.2819741313241935
Independent House,2,3,10,0.0,1.19,24,0.62,1.17,5.79,13.9,Sunday,Winter,1,5.84,1,3,2,-1.0290764278769977,-0.6466304033004656,0.3873630740184915,-1.1224787038760815,-1.4465903523912016,0.0,0.13044056913606838,-0.46112944889296337,-0.29804975891728414,-1.0361083063760883
Villa,1,6,11,1.24,7.26,24,0.53,0.58,7.06,19.4,Tuesday,Spring/Autumn,0,7.09,2,5,0,-1.529375364391619,0.9637518271413074,0.7147830975711826,-0.7550000140012981,0.17918328934451297,0.0,-0.0040698009407867585,-1.5720229952869034,0.5244141420896291,-0.5531575787994534
Independent House,5,4,12,0.0,6.93,24,0.0,1.38,5.29,25.2,Friday,Spring/Autumn,0,6.79,1,0,0,0.47182038166686574,-0.10983632648654133,1.0422031211238738,-1.1224787038760815,0.09079691343466356,0.0,-0.7961864247267118,-0.06572666119342545,-0.6218544443530768,-0.04386408426409282
Independent House,1,6,13,1.01,1.97,24,0.69,0.84,5.3,11.2,Monday,Winter,0,6.39,1,1,2,-1.529375364391619,0.9637518271413074,1.3696231446765648,-0.8231613838974272,-1.2376771002406484,0.0,0.23505974586251122,-1.082476686706523,-0.6153783506443611,-1.2731932090046183
Independent House,7,3,13,1.11,9.3,24,0.0,1.29,5.86,23.3,Wednesday,Spring/Autumn,0,8.66,1,6,0,1.4724182546961082,-0.6466304033004656,1.3696231446765648,-0.7935260056817189,0.7255717949690367,0.0,-0.7961864247267118,-0.23518499877894145,-0.2527171029562729,-0.21070160833602114
Apartment,5,2,8,6.52,8.11,24,0.0,1.41,7.22,32.7,Tuesday,Summer,0,15.97,0,5,1,0.47182038166686574,-1.18342448011439,-0.2674769730868907,0.8097479557881019,0.4068451666880643,0.0,-0.7961864247267118,-0.009240548664919971,0.6280316414290829,0.6147050897040461
Villa,4,6,10,2.63,5.45,24,0.56,1.07,7.29,29.0,Saturday,Spring/Autumn,1,10.87,2,2,0,-0.028478554847755435,0.9637518271413074,0.3873630740184915,-0.3430682568029523,-0.3056025906458729,0.0,0.04076698908483167,-0.6494164906546479,0.673364297390094,0.2898109638797641
Independent House,6,6,14,0.0,3.73,24,0.96,2.29,6.27,15.9,Thursday,Winter,0,8.07,1,4,2,0.9721193181814869,0.9637518271413074,1.697043168229256,-1.1224787038760815,-0.7662830953881182,0.0,0.6385908560930768,1.647685418837906,0.012802739101076578,-0.8604898599845846
Independent House,2,4,9,0.03,0.59,24,0.0,1.55,6.38,10.4,Tuesday,Winter,0,5.33,1,5,2,-1.0290764278769977,-0.10983632648654133,0.05994305046580039,-1.113588090411369,-1.607292854045473,0.0,-0.7961864247267118,0.2543613098014389,0.08403976989695118,-1.3434405875612196
Independent House,5,3,7,2.63,6.21,24,0.0,1.49,3.44,27.4,Tuesday,Spring/Autumn,0,10.87,1,5,0,0.47182038166686574,-0.6466304033004656,-0.5948969966395818,-0.3430682568029523,-0.1020460885504623,0.0,-0.7961864247267118,0.14138908474442796,-1.8199317804655097,0.1493162067665611
Apartment,4,4,10,0.04,8.7,24,0.66,1.76,7.15,20.4,Thursday,Spring/Autumn,0,6.81,0,4,0,-0.028478554847755435,-0.10983632648654133,0.3873630740184915,-1.110624552589798,0.5648692933147647,0.0,0.19022295583689294,0.6497640975009769,0.5826989854680722,-0.4653483556037016
Independent House,3,5,10,6.97,9.46,24,0.0,1.18,6.9,36.6,Thursday,Summer,0,16.82,1,4,1,-0.5287774913623766,0.426957750327383,0.3873630740184915,0.9431071577587894,0.7684257954101757,0.0,-0.7961864247267118,-0.44230074471679487,0.42079664275017586,0.957161060167478
Independent House,6,4,11,0.57,1.16,24,1.1,1.43,5.13,17.3,Thursday,Winter,0,7.28,1,4,2,0.9721193181814869,-0.10983632648654133,0.7147830975711826,-0.953557048046544,-1.454625477473915,0.0,0.8478292095459629,0.02841685968741701,-0.7254719436925305,-0.737556947510532
Independent House,7,6,6,8.81,8.83,24,0.0,1.71,5.84,40.4,Sunday,Summer,1,23.79,1,3,1,1.4724182546961082,0.9637518271413074,-0.9223170201922729,1.4883981169278229,0.5996881686731904,0.0,-0.7961864247267118,0.5556205766201344,-0.26566929037370496,1.2908361083113347
Villa,2,9,10,0.29,3.69,24,0.0,1.86,9.72,25.7,Sunday,Winter,1,9.18,2,3,2,-1.0290764278769977,2.5741340575830804,0.3873630740184915,-1.0365361070505272,-0.776996595498403,0.0,-0.7961864247267118,0.8380511392626617,2.247055068608047,4.0527333783088164e-05
Apartment,3,3,6,0.0,1.36,24,0.85,0.78,6.73,7.8,Wednesday,Winter,0,5.44,0,6,2,-0.5287774913623766,-0.6466304033004656,-0.9223170201922729,-1.1224787038760815,-1.401057976922491,0.0,0.47418929266580934,-1.1954489117635336,0.3107030497020064,-1.5717445678701742
Apartment,1,3,5,6.71,12.25,24,0.0,1.49,7.52,43.3,Friday,Summer,0,14.74,0,0,1,-1.529375364391619,-0.6466304033004656,-1.249737043744964,0.8660551743979478,1.5156924281025386,0.0,-0.7961864247267118,0.14138908474442796,0.8223144526905584,1.5454828555790148
Apartment,1,4,14,0.58,2.89,24,1.21,2.11,4.2,12.2,Thursday,Winter,0,6.61,0,4,2,-1.529375364391619,-0.10983632648654133,1.697043168229256,-0.9505935102249731,-0.9912665977040984,0.0,1.01223077297323,1.3087687436668731,-1.3277486586031049,-1.1853839858088664
Independent House,7,6,9,5.71,4.22,24,0.0,1.75,4.32,30.8,Thursday,Summer,0,17.72,1,4,1,1.4724182546961082,0.9637518271413074,0.05994305046580039,0.5697013922408645,-0.6350427190371298,0.0,-0.7961864247267118,0.6309353933248083,-1.2500355340985145,0.44786756563211744
Villa,7,8,5,3.2,5.62,24,0.0,2.11,7.86,21.8,Sunday,Spring/Autumn,1,15.23,2,3,0,1.4724182546961082,2.037339980769156,-1.249737043744964,-0.17414660097341467,-0.26007021517716267,0.0,-0.7961864247267118,1.3087687436668731,1.0425016387868977,-0.34241544312964883
Apartment,4,4,8,1.35,8.53,24,0.0,0.57,1.34,28.6,Wednesday,Spring/Autumn,0,7.43,0,6,0,-0.028478554847755435,-0.10983632648654133,-0.2674769730868907,-0.7224010979640189,0.5193369178460544,0.0,-0.7961864247267118,-1.590851699463072,-3.1799114592958393,0.2546872746014635
Apartment,1,4,9,0.66,1.35,24,0.0,1.22,5.12,14.6,Thursday,Winter,0,5.55,0,4,2,-1.529375364391619,-0.10983632648654133,0.05994305046580039,-0.9268852076524063,-1.4037363519500623,0.0,-0.7961864247267118,-0.3669859280121209,-0.7319480374012463,-0.974641850139062
Villa,6,8,13,0.47,0.78,24,0.0,2.91,7.66,13.2,Sunday,Winter,1,10.47,2,3,2,0.9721193181814869,2.037339980769156,1.3696231446765648,-0.9831924262622522,-1.5564037285216203,0.0,-0.7961864247267118,2.8150650777603516,0.9129797646125807,-1.0975747626131145
Independent House,5,3,14,7.5,10.65,24,0.0,2.14,6.82,36.6,Monday,Summer,0,19.49,1,1,1,0.47182038166686574,-0.6466304033004656,1.697043168229256,1.1001746623020436,1.0871524236911476,0.0,-0.7961864247267118,1.365254856195379,0.368987893080449,0.957161060167478
Independent House,1,4,9,0.0,8.5,24,0.0,0.66,8.74,19.5,Thursday,Spring/Autumn,0,5.28,1,4,0,-1.529375364391619,-0.10983632648654133,0.05994305046580039,-1.1224787038760815,0.511301792763341,0.0,-0.7961864247267118,-1.4213933618775554,1.612397885153893,-0.5443766564798781
Apartment,1,3,11,7.44,10.92,24,0.0,1.15,6.2,34.8,Monday,Summer,0,14.52,0,1,1,-1.529375364391619,-0.6466304033004656,0.7147830975711826,1.0823934353726188,1.1594685494355699,0.0,-0.7961864247267118,-0.49878685724530036,-0.03252991685993401,0.7991044584151245
Apartment,6,2,8,3.19,6.99,24,1.1,1.88,4.11,11.4,Thursday,Spring/Autumn,0,12.93,0,4,0,0.9721193181814869,-1.18342448011439,-0.2674769730868907,-0.17711013879498558,0.10686716360009087,0.0,0.8478292095459629,0.8757085476149983,-1.3860335019815473,-1.2556313643654677
Independent House,6,3,7,1.94,10.04,24,0.0,1.41,5.24,26.2,Thursday,Spring/Autumn,1,10.71,1,4,0,0.9721193181814869,-0.6466304033004656,-0.5948969966395818,-0.5475523664913398,0.9237715470093045,0.0,-0.7961864247267118,-0.009240548664919971,-0.6542349128966559,0.043945138931658995
Independent House,6,3,9,2.29,8.77,24,0.0,1.03,4.2,33.5,Tuesday,Spring/Autumn,0,10.54,1,5,0,0.9721193181814869,-0.6466304033004656,0.05994305046580039,-0.4438285427363606,0.5836179185077631,0.0,-0.7961864247267118,-0.7247313073593218,-1.3277486586031049,0.6849524682606473
Independent House,3,5,5,1.08,9.23,24,0.87,1.11,3.2,26.0,Wednesday,Spring/Autumn,0,7.65,1,6,0,-0.5287774913623766,0.426957750327383,-1.249737043744964,-0.8024166191464314,0.7068231697760382,0.0,0.5040804860162217,-0.5741016739499739,-1.9753580294746902,0.026383294292508696
Apartment,6,2,9,10.25,10.75,24,0.0,1.75,4.28,31.6,Saturday,Summer,1,25.51,0,2,1,0.9721193181814869,-1.18342448011439,0.05994305046580039,1.9151475632340227,1.1139361739668596,0.0,-0.7961864247267118,0.6309353933248083,-1.2759399089333778,0.518114944188719
Independent House,7,4,10,4.0,1.2,24,0.0,1.3,7.28,7.3,Friday,Winter,0,13.0,1,0,2,1.4724182546961082,-0.10983632648654133,0.3873630740184915,0.06293642475225193,-1.4439119773636302,0.0,-0.7961864247267118,-0.21635629460277297,0.6668882036813782,-1.61564917946805
Apartment,7,4,4,1.95,7.66,24,0.0,0.95,7.03,26.5,Saturday,Spring/Autumn,1,10.54,0,2,0,1.4724182546961082,-0.10983632648654133,-1.5771570672976551,-0.5445888286697689,0.2863182904473608,0.0,-0.7961864247267118,-0.8753609407686698,0.5049858609634819,0.0702879058903846
Villa,1,9,12,1.18,0.0,24,0.0,1.52,5.79,14.2,Saturday,Winter,1,8.04,2,2,2,-1.529375364391619,2.5741340575830804,1.0422031211238738,-0.772781240930723,-1.7653169806721734,0.0,-0.7961864247267118,0.19787519727293343,-0.29804975891728414,-1.0097655394173628
Independent House,2,3,4,6.68,8.93,24,0.0,1.3,6.21,33.9,Tuesday,Summer,0,13.74,1,5,1,-1.0290764278769977,-0.6466304033004656,-1.5771570672976551,0.8571645609332352,0.6264719189489022,0.0,-0.7961864247267118,-0.21635629460277297,-0.02605382315121829,0.7200761575389479
Villa,4,5,10,2.52,9.45,24,0.0,0.65,5.75,40.5,Monday,Summer,0,10.02,2,1,1,-0.028478554847755435,0.426957750327383,0.3873630740184915,-0.3756671728402314,0.7657474203826042,0.0,-0.7961864247267118,-1.440222066053724,-0.32395413375214754,1.29961703063091
Villa,2,6,14,1.32,1.03,24,0.0,1.4,7.28,2.3,Sunday,Winter,1,7.06,2,3,2,-1.0290764278769977,0.9637518271413074,1.697043168229256,-0.7312917114287315,-1.4894443528323404,0.0,-0.7961864247267118,-0.028069252841088462,0.6668882036813782,-2.0546952954468094
Independent House,7,4,14,8.38,10.4,24,1.3,1.93,4.57,47.6,Saturday,Summer,1,26.99,1,2,1,1.4724182546961082,-0.10983632648654133,1.697043168229256,1.3609659906002771,1.020193048001868,0.0,1.1467411430500853,0.9698520684958408,-1.088133191380618,1.923062515320748
Apartment,7,2,5,7.7,6.04,24,0.0,1.22,3.73,32.5,Monday,Summer,0,19.62,0,1,1,1.4724182546961082,-1.18342448011439,-1.249737043744964,1.1594454187334604,-0.14757846401917257,0.0,-0.7961864247267118,-0.3669859280121209,-1.63212506291275,0.5971432450648955
Independent House,4,5,12,10.08,10.07,24,2.3,1.85,9.14,30.5,Tuesday,Summer,1,29.08,1,5,1,-0.028478554847755435,0.426957750327383,1.0422031211238738,1.8647674202673186,0.9318066720920184,0.0,2.6413008105706983,0.8192224350864933,1.8714416335025272,0.4215247986733919
Apartment,1,2,8,8.41,10.95,24,1.0,1.09,6.26,33.8,Monday,Summer,1,16.53,0,1,1,-1.529375364391619,-1.18342448011439,-0.2674769730868907,1.3698566040649893,1.1675036745182832,0.0,0.6983732427939013,-0.6117590823023109,0.006326645392360861,0.7112952352193725
Independent House,5,6,8,3.65,4.49,24,0.66,2.12,8.66,26.7,Thursday,Spring/Autumn,0,15.48,1,4,0,0.47182038166686574,0.9637518271413074,-0.2674769730868907,-0.04078739900272726,-0.5627265932927075,0.0,0.19022295583689294,1.3275974478430421,1.5605891354841661,0.0878497505295349
Apartment,1,4,14,8.4,9.52,24,1.24,0.95,6.99,39.1,Sunday,Summer,1,19.31,0,3,1,-1.529375364391619,-0.10983632648654133,1.697043168229256,1.3668930662434187,0.7844960455756026,0.0,1.0570675629988484,-0.8753609407686698,0.47908148612861845,1.1766841181568575
Independent House,2,6,10,0.58,0.54,24,0.0,1.93,6.06,17.0,Thursday,Winter,0,6.66,1,4,2,-1.0290764278769977,0.9637518271413074,0.3873630740184915,-0.9505935102249731,-1.6206847291833288,0.0,-0.7961864247267118,0.9698520684958408,-0.12319522878195634,-0.7638997144692576
Independent House,3,4,13,5.26,5.67,24,1.06,0.94,5.34,31.5,Thursday,Summer,0,14.06,1,4,1,-0.5287774913623766,-0.10983632648654133,1.3696231446765648,0.4363421902701769,-0.24667834003930675,0.0,0.7880468228451383,-0.8941896449448382,-0.5894739758094977,0.5093340218691437
Villa,6,7,9,8.77,7.62,24,0.64,1.4,8.39,41.8,Saturday,Summer,1,21.37,2,2,1,0.9721193181814869,1.5005459039552316,0.05994305046580039,1.4765439656415391,0.275604790337076,0.0,0.16033176248648065,-0.028069252841088462,1.3857346053488382,1.413769020785387
Apartment,7,2,13,0.18,3.22,24,0.68,0.58,7.1,8.9,Sunday,Winter,1,32.35,0,3,2,1.4724182546961082,-1.18342448011439,1.3696231446765648,-1.0691350230878063,-0.9028802217942491,0.0,0.22011414918730524,-1.5720229952869034,0.5503185169244925,-1.4751544223548472
Apartment,5,4,11,6.22,10.57,24,1.35,1.57,6.27,35.5,Thursday,Summer,0,17.92,0,4,1,0.47182038166686574,-0.10983632648654133,0.7147830975711826,0.7208418211409768,1.0657254234705782,0.0,1.2214691264261162,0.2920187181537759,0.012802739101076578,0.860570914652151
Independent House,1,3,8,1.92,6.77,24,0.0,1.28,3.17,17.2,Tuesday,Spring/Autumn,0,7.94,1,5,0,-1.529375364391619,-0.6466304033004656,-0.2674769730868907,-0.5534794421344814,0.047942912993524434,0.0,-0.7961864247267118,-0.25401370295510994,-1.9947863106008379,-0.7463378698301073
Apartment,7,2,14,5.07,11.01,24,0.53,0.84,4.45,36.9,Wednesday,Summer,0,14.39,0,6,1,1.4724182546961082,-1.18342448011439,1.697043168229256,0.3800349716603312,1.1835739246837105,0.0,-0.0040698009407867585,-1.082476686706523,-1.1658463158852084,0.9835038271262033
Independent House,5,5,7,1.54,4.51,24,0.8,1.33,8.0,25.7,Saturday,Spring/Autumn,1,9.87,1,2,0,0.47182038166686574,0.426957750327383,-0.5948969966395818,-0.6660938793541731,-0.5573698432375652,0.0,0.3994613092897788,-0.15987018207426748,1.1331669507089195,4.0527333783088164e-05
Villa,7,8,5,6.1,11.31,24,0.6,1.85,8.49,34.1,Wednesday,Summer,0,21.13,2,6,1,1.4724182546961082,2.037339980769156,-1.249737043744964,0.6852793672821268,1.2639251755108465,0.0,0.10054937578565609,0.8192224350864933,1.4504955424359967,0.7376380021780985
Apartment,7,2,9,0.56,3.94,24,0.0,0.6,7.07,22.5,Wednesday,Winter,0,6.41,0,6,2,1.4724182546961082,-1.18342448011439,0.05994305046580039,-0.9565205858681147,-0.7100372198091232,0.0,-0.7961864247267118,-1.5343655869345663,0.5308902357983454,-0.28094898689262265
Apartment,3,2,6,8.54,11.11,24,1.4,1.57,5.09,41.4,Thursday,Summer,0,20.99,0,4,1,-0.5287774913623766,-1.18342448011439,-0.9223170201922729,1.40838259574541,1.2103576749594223,0.0,1.2961971098021465,0.2920187181537759,-0.751376318527394,1.3786453315070866
Independent House,2,4,7,1.63,0.0,24,0.0,1.89,9.31,15.8,Wednesday,Winter,0,7.78,1,6,2,-1.0290764278769977,-0.10983632648654133,-0.5948969966395818,-0.6394220389600356,-1.7653169806721734,0.0,-0.7961864247267118,0.8945372517911668,1.9815352265506967,-0.8692707823041598
Villa,4,9,5,5.3,9.56,24,0.0,1.77,6.79,42.8,Saturday,Summer,1,17.88,2,2,1,-0.028478554847755435,2.5741340575830804,-1.249737043744964,0.4481963415564602,0.7952095456858876,0.0,-0.7961864247267118,0.6685928016771453,0.3495596119543013,1.501578243981139
Independent House,2,4,10,0.01,7.63,24,0.0,0.89,5.71,32.5,Saturday,Spring/Autumn,1,5.83,1,2,0,-1.0290764278769977,-0.10983632648654133,0.3873630740184915,-1.1195151660545106,0.27828316536464714,0.0,-0.7961864247267118,-0.9883331658256805,-0.349858508587011,0.5971432450648955
Apartment,6,2,9,2.18,5.6,24,3.0,0.35,4.03,27.9,Tuesday,Spring/Autumn,0,9.42,0,5,0,0.9721193181814869,-1.18342448011439,0.05994305046580039,-0.4764274587736397,-0.2654269652323052,0.0,3.687492577835128,-2.005083191338778,-1.4378422516512743,0.19322081836443702
Independent House,4,4,6,4.59,9.47,24,1.09,0.95,5.65,34.1,Wednesday,Summer,0,13.91,1,6,1,-0.028478554847755435,-0.10983632648654133,-0.9223170201922729,0.23778515622493107,0.7711041704377469,0.0,0.8328836128707566,-0.8753609407686698,-0.38871507083930584,0.7376380021780985
Independent House,3,6,8,6.39,9.52,24,0.0,1.68,7.02,37.3,Monday,Summer,0,16.24,1,1,1,-0.5287774913623766,0.9637518271413074,-0.2674769730868907,0.7712219641076811,0.7844960455756026,0.0,-0.7961864247267118,0.49913446409162887,0.4985097672547656,1.018627516404504
Apartment,1,2,10,5.74,11.92,24,0.0,1.13,4.62,35.6,Saturday,Summer,1,13.82,0,2,1,-1.529375364391619,-1.18342448011439,0.3873630740184915,0.578592005705577,1.427306052192689,0.0,-0.7961864247267118,-0.5364442655976374,-1.055752722837039,0.8693518369717262
Apartment,5,2,14,6.19,8.93,24,1.38,1.35,7.26,37.1,Monday,Summer,0,16.87,0,1,1,0.47182038166686574,-1.18342448011439,1.697043168229256,0.7119512076762645,0.6264719189489022,0.0,1.2663059164517343,-0.1222127737219305,0.6539360162639463,1.0010656717653539
Independent House,3,6,10,9.12,11.27,24,0.0,1.81,5.2,33.2,Sunday,Summer,1,20.42,1,3,1,-0.5287774913623766,0.9637518271413074,0.3873630740184915,1.5802677893965182,1.2532116754005616,0.0,-0.7961864247267118,0.7439076183818193,-0.6801392877315194,0.658609701301922
Apartment,5,3,5,7.29,12.41,24,1.01,0.89,7.13,37.3,Wednesday,Summer,0,18.36,0,6,1,0.47182038166686574,-0.6466304033004656,-1.249737043744964,1.0379403680490562,1.5585464285436776,0.0,0.7133188394691075,-0.9883331658256805,0.5697467980506402,1.018627516404504
Villa,6,6,14,3.33,1.41,24,0.67,1.69,7.05,5.8,Monday,Winter,0,12.45,2,1,2,0.9721193181814869,0.9637518271413074,1.697043168229256,-0.13562060929299388,-1.387666101784635,0.0,0.2051685525120991,0.5179631682677974,0.5179380483809133,-1.7473630142616778
Independent House,6,6,14,1.43,1.5,24,0.92,1.34,8.54,8.6,Wednesday,Winter,0,9.67,1,6,2,0.9721193181814869,0.9637518271413074,1.697043168229256,-0.6986927953914522,-1.3635607265364944,0.0,0.5788084693922524,-0.14104147789809898,1.482876010979575,-1.5014971893135731
Independent House,1,6,13,8.31,7.46,24,0.74,1.02,5.88,38.0,Sunday,Summer,1,19.61,1,3,1,-1.529375364391619,0.9637518271413074,1.3696231446765648,1.3402212258492812,0.2327507898959369,0.0,0.3097877292385419,-0.7435600115354903,-0.23976491553884152,1.0800939726415304
Villa,1,7,9,0.84,1.83,24,1.74,2.27,6.57,16.8,Wednesday,Winter,0,7.3,2,6,2,-1.529375364391619,1.5005459039552316,0.05994305046580039,-0.8735415268641314,-1.275174350626645,0.0,1.804347396759155,1.610028010485569,0.20708555036255266,-0.781461559108408
Independent House,1,6,4,3.35,6.5,24,0.61,1.64,3.75,29.8,Thursday,Spring/Autumn,1,10.79,1,4,0,-1.529375364391619,0.9637518271413074,-1.5771570672976551,-0.1296935336498522,-0.024373212750897672,0.0,0.11549497246086222,0.42381964738695493,-1.6191728754953183,0.36005834243636564
Apartment,5,4,5,1.44,8.37,24,0.0,0.76,4.54,17.6,Friday,Spring/Autumn,0,8.48,0,0,0,0.47182038166686574,-0.10983632648654133,-1.249737043744964,-0.6957292575698815,0.4764829174049153,0.0,-0.7961864247267118,-1.2331063201158707,-1.1075614725067657,-0.7112141805518064
Independent House,1,4,7,0.08,4.39,24,0.0,1.56,5.56,8.3,Wednesday,Winter,0,5.07,1,6,2,-1.529375364391619,-0.10983632648654133,-0.5948969966395818,-1.0987704013035147,-0.5895103435684196,0.0,-0.7961864247267118,0.2731900139776074,-0.44699991421774904,-1.5278399562722984
Apartment,7,2,6,0.63,2.54,24,0.0,1.37,7.17,17.0,Tuesday,Winter,0,8.39,0,5,2,1.4724182546961082,-1.18342448011439,-0.9223170201922729,-0.935775821117119,-1.0850097236690903,0.0,-0.7961864247267118,-0.08455536536959352,0.5956511728855036,-0.7638997144692576
Independent House,3,6,7,9.43,7.53,24,0.0,2.36,4.78,25.7,Monday,Summer,0,24.07,1,1,1,-0.5287774913623766,0.9637518271413074,-0.5948969966395818,1.6721374618652143,0.2514994150889353,0.0,-0.7961864247267118,1.7794863480710852,-0.9521352234975852,4.0527333783088164e-05
Independent House,7,3,9,2.26,6.0,24,0.0,1.14,5.79,27.5,Friday,Spring/Autumn,1,9.95,1,0,0,1.4724182546961082,-0.6466304033004656,0.05994305046580039,-0.4527191562010731,-0.15829196412945734,0.0,-0.7961864247267118,-0.5176155614214688,-0.29804975891728414,0.1580971290861364
Apartment,2,2,9,7.52,9.86,24,0.0,0.69,5.85,25.7,Thursday,Summer,0,15.15,0,4,1,-1.0290764278769977,-1.18342448011439,0.05994305046580039,1.1061017379451852,0.8755607965130232,0.0,-0.7961864247267118,-1.3649072493490502,-0.25919319666498924,4.0527333783088164e-05
Apartment,3,4,4,5.82,11.54,24,0.0,1.48,5.91,38.0,Tuesday,Summer,0,14.23,0,5,1,-0.5287774913623766,-0.10983632648654133,-1.5771570672976551,0.6023003082781437,1.3255278011449836,0.0,-0.7961864247267118,0.12256038056825948,-0.2203366344126938,1.0800939726415304
Apartment,3,4,5,0.67,1.61,24,0.0,1.21,8.08,13.1,Thursday,Winter,0,6.42,0,4,2,-0.5287774913623766,-0.10983632648654133,-1.249737043744964,-0.9239216698308356,-1.3340986012332112,0.0,-0.7961864247267118,-0.3858146321882894,1.1849757003786465,-1.1063556849326897
Apartment,4,3,14,1.54,4.93,24,0.0,1.38,3.13,13.7,Friday,Spring/Autumn,0,8.32,0,0,0,-0.028478554847755435,-0.6466304033004656,1.697043168229256,-0.6660938793541731,-0.4448780920795751,0.0,-0.7961864247267118,-0.06572666119342545,-2.020690685435701,-1.0536701510152386
Apartment,4,2,8,0.07,3.01,24,0.55,1.13,4.54,7.1,Saturday,Winter,1,6.26,0,2,2,-0.028478554847755435,-1.18342448011439,-0.2674769730868907,-1.1017339391250855,-0.9591260973732443,0.0,0.02582139240962553,-0.5364442655976374,-1.1075614725067657,-1.6332110241072009
Apartment,7,2,4,3.34,4.82,24,0.6,1.55,4.89,16.6,Thursday,Spring/Autumn,0,12.19,0,4,0,1.4724182546961082,-1.18342448011439,-1.5771570672976551,-0.1326570714714231,-0.4743402173828581,0.0,0.10054937578565609,0.2543613098014389,-0.8808981927017112,-0.7990234037475582
Villa,4,7,9,1.01,0.32,24,0.0,0.62,6.86,15.1,Wednesday,Winter,1,8.13,2,6,2,-0.028478554847755435,1.5005459039552316,0.05994305046580039,-0.8231613838974272,-1.6796089797898952,0.0,-0.7961864247267118,-1.4967081785822294,0.39489226791531246,-0.9307372385411861
Independent House,5,4,5,3.23,11.31,24,0.0,1.64,6.41,41.1,Friday,Summer,0,12.35,1,0,1,0.47182038166686574,-0.10983632648654133,-1.249737043744964,-0.16525598750870224,1.2639251755108465,0.0,-0.7961864247267118,0.42381964738695493,0.1034680510230989,1.3523025645483613
Villa,7,6,6,9.77,12.53,24,0.0,1.95,7.02,39.9,Wednesday,Summer,0,24.9,2,6,1,1.4724182546961082,0.9637518271413074,-0.9223170201922729,1.7728977477986225,1.5906869288745318,0.0,-0.7961864247267118,1.0075094768481778,0.4985097672547656,1.2469314967134588
Villa,3,6,8,2.17,2.64,24,0.0,1.99,6.39,12.9,Thursday,Winter,0,9.83,2,4,2,-0.5287774913623766,0.9637518271413074,-0.2674769730868907,-0.4793909965952106,-1.0582259733933783,0.0,-0.7961864247267118,1.0828242935528518,0.0905158636056669,-1.12391752957184
Independent House,2,5,13,2.6,4.49,24,0.55,1.61,4.63,8.9,Sunday,Winter,1,9.9,1,3,2,-1.0290764278769977,0.426957750327383,1.3696231446765648,-0.3519588702676647,-0.5627265932927075,0.0,0.02582139240962553,0.3673335348584499,-1.0492766291283233,-1.4751544223548472
Apartment,3,4,14,0.95,5.93,24,0.55,2.29,5.74,28.6,Wednesday,Spring/Autumn,0,8.0,0,6,0,-0.5287774913623766,-0.10983632648654133,1.697043168229256,-0.8409426108268523,-0.17704058932245578,0.0,0.02582139240962553,1.647685418837906,-0.33043022746086326,0.2546872746014635
Independent House,3,3,10,0.68,2.49,24,0.0,1.46,6.15,13.8,Monday,Winter,0,6.0,1,1,2,-0.5287774913623766,-0.6466304033004656,0.3873630740184915,-0.9209581320092647,-1.0984015988069462,0.0,-0.7961864247267118,0.0849029722159225,-0.06491038540351317,-1.0448892286956635
Villa,1,9,9,8.52,11.57,24,1.2,2.11,7.94,31.7,Tuesday,Summer,0,17.87,2,5,1,-1.529375364391619,2.5741340575830804,0.05994305046580039,1.4024555201022684,1.3335629262276976,0.0,0.9972851762980239,1.3087687436668731,1.0943103884566248,0.526895866508294
Independent House,1,5,6,5.98,10.95,24,0.0,1.45,4.49,40.7,Tuesday,Summer,0,13.82,1,5,1,-1.529375364391619,0.426957750327383,-0.9223170201922729,0.6497169134232771,1.1675036745182832,0.0,-0.7961864247267118,0.066074268039754,-1.139941941050345,1.3171788752700606
Apartment,2,3,5,5.9,10.21,24,0.0,1.23,6.49,37.2,Thursday,Summer,0,14.07,0,4,1,-1.0290764278769977,-0.6466304033004656,-1.249737043744964,0.6260086108507104,0.9693039224780153,0.0,-0.7961864247267118,-0.34815722383595243,0.1552768006928258,1.0098465940849293
Apartment,5,2,10,5.46,7.13,24,0.74,0.24,6.18,39.7,Monday,Summer,0,14.91,0,1,1,0.47182038166686574,-1.18342448011439,0.3873630740184915,0.4956129467015936,0.1443644139860875,0.0,0.3097877292385419,-2.2121989372766313,-0.045482104277366014,1.2293696520743087
Apartment,6,2,8,5.31,8.84,24,0.0,0.91,7.43,43.5,Monday,Summer,0,16.21,0,1,1,0.9721193181814869,-1.18342448011439,-0.2674769730868907,0.451159879378031,0.6023665437007616,0.0,-0.7961864247267118,-0.9506757574733435,0.7640296093121157,1.5630447002181653
Villa,1,8,6,6.81,10.29,24,0.0,2.44,7.45,32.2,Thursday,Summer,0,17.41,2,4,1,-1.529375364391619,2.037339980769156,-0.9223170201922729,0.895690552613656,0.9907309226985844,0.0,-0.7961864247267118,1.930115981480433,0.7769817967295477,0.5708004781061702
Independent House,4,4,6,7.91,11.55,24,0.88,0.9,3.53,37.8,Wednesday,Summer,0,17.87,1,6,1,-0.028478554847755435,-0.10983632648654133,-0.9223170201922729,1.2216797129864476,1.3282061761725552,0.0,0.5190260826914278,-0.969504461649512,-1.7616469370870673,1.0625321280023798
Independent House,7,3,8,5.17,11.42,24,0.0,0.63,3.14,41.6,Friday,Summer,0,14.02,1,0,1,1.4724182546961082,-0.6466304033004656,-0.2674769730868907,0.40967034987603945,1.2933873008141294,0.0,-0.7961864247267118,-1.4778794744060608,-2.014214591726985,1.3962071761462371
Apartment,2,2,8,0.0,3.21,24,0.0,1.67,8.4,24.5,Wednesday,Spring/Autumn,0,5.78,0,6,0,-1.0290764278769977,-1.18342448011439,-0.2674769730868907,-1.1224787038760815,-0.9055585968218203,0.0,-0.7961864247267118,0.4803057599154604,1.392210699057554,-0.10533054050111902
Apartment,6,2,11,0.69,6.14,24,0.0,1.57,3.25,23.3,Saturday,Spring/Autumn,1,7.48,0,2,0,0.9721193181814869,-1.18342448011439,0.7147830975711826,-0.9179945941876939,-0.12079471374346072,0.0,-0.7961864247267118,0.2920187181537759,-1.942977560931111,-0.21070160833602114
Independent House,6,5,9,10.41,7.03,24,0.0,2.33,7.32,38.9,Sunday,Summer,1,29.3,1,3,1,0.9721193181814869,0.426957750327383,0.05994305046580039,1.9625641683791561,0.11758066371037565,0.0,-0.7961864247267118,1.72300023554258,0.6927925785162417,1.159122273517707
Apartment,4,2,8,1.65,3.63,24,0.0,1.0,4.93,28.7,Saturday,Spring/Autumn,1,8.28,0,2,0,-0.028478554847755435,-1.18342448011439,-0.2674769730868907,-0.6334949633168939,-0.7930668456638302,0.0,-0.7961864247267118,-0.7812174198878273,-0.8549938178668477,0.2634681969210385
Apartment,6,4,13,0.84,3.34,24,1.11,1.4,3.92,11.8,Sunday,Winter,1,7.54,0,3,2,0.9721193181814869,-0.10983632648654133,1.3696231446765648,-0.8735415268641314,-0.8707397214633948,0.0,0.862774806221169,-0.028069252841088462,-1.5090792824471488,-1.220507675087167
Independent House,4,6,4,0.57,8.33,24,0.7,1.14,5.88,27.6,Monday,Spring/Autumn,0,7.63,1,1,0,-0.028478554847755435,0.9637518271413074,-1.5771570672976551,-0.953557048046544,0.4657694172946307,0.0,0.2500053425377174,-0.5176155614214688,-0.23976491553884152,0.1668780514057117
Villa,4,5,6,5.7,11.54,24,2.03,1.19,6.59,38.8,Wednesday,Summer,0,17.84,2,6,1,-0.028478554847755435,0.426957750327383,-0.9223170201922729,0.5667378544192937,1.3255278011449836,0.0,2.2377697003401327,-0.42347204054062637,0.2200377377799841,1.1503413511981317
Independent House,5,3,5,4.14,3.32,24,0.0,1.58,5.23,25.0,Tuesday,Spring/Autumn,0,13.81,1,5,0,0.47182038166686574,-0.6466304033004656,-1.249737043744964,0.10442595425424352,-0.8760964715185372,0.0,-0.7961864247267118,0.3108474223299444,-0.6607110066053716,-0.06142592890324312
Independent House,2,5,6,2.04,11.92,24,0.0,1.9,7.16,23.6,Sunday,Spring/Autumn,1,10.0,1,3,0,-1.0290764278769977,0.426957750327383,-0.9223170201922729,-0.5179169882756314,1.427306052192689,0.0,-0.7961864247267118,0.9133659559673353,0.5891750791767879,-0.18435884137729552
Independent House,5,6,6,3.6,3.54,24,0.0,1.71,6.84,13.0,Sunday,Spring/Autumn,1,12.94,1,3,0,0.47182038166686574,0.9637518271413074,-0.9223170201922729,-0.055605088110581374,-0.817172220911971,0.0,-0.7961864247267118,0.5556205766201344,0.3819400804978804,-1.1151366072522648
Villa,6,6,7,8.69,8.15,24,0.94,2.1,8.41,30.0,Saturday,Summer,1,25.01,2,2,1,0.9721193181814869,0.9637518271413074,-0.5948969966395818,1.4528356630689725,0.41755866679834935,0.0,0.6086996627426645,1.2899400394907052,1.3986867927662696,0.3776201870755159
Villa,7,6,12,0.75,3.16,24,0.0,0.72,6.92,17.7,Saturday,Winter,1,7.48,2,2,2,1.4724182546961082,0.9637518271413074,1.0422031211238738,-0.900213367258269,-0.9189504719596763,0.0,-0.7961864247267118,-1.3084211368205447,0.4337488301676073,-0.7024332582322315
Villa,3,9,12,0.11,2.29,24,1.35,2.12,9.48,4.5,Friday,Winter,0,9.45,2,0,2,-0.5287774913623766,2.5741340575830804,1.0422031211238738,-1.0898797878388022,-1.15196909935837,0.0,1.2214691264261162,1.3275974478430421,2.091628819598866,-1.8615150044161553
Apartment,7,3,7,2.48,2.81,24,0.0,1.52,5.21,21.6,Sunday,Spring/Autumn,1,12.11,0,3,0,1.4724182546961082,-0.6466304033004656,-0.5948969966395818,-0.38752132412651474,-1.012693597924668,0.0,-0.7961864247267118,0.19787519727293343,-0.6736631940228037,-0.35997728776879917
Apartment,3,2,7,0.56,3.27,24,0.0,0.08,6.78,11.8,Monday,Winter,0,4.96,0,1,2,-0.5287774913623766,-1.18342448011439,-0.5948969966395818,-0.9565205858681147,-0.8894883466563931,0.0,-0.7961864247267118,-2.513458204095327,0.3430835182455856,-1.220507675087167
Apartment,3,4,10,8.7,12.56,24,1.08,1.27,6.15,39.5,Monday,Summer,0,19.17,0,1,1,-0.5287774913623766,-0.10983632648654133,0.3873630740184915,1.4557992008905434,1.5987220539572458,0.0,0.8179380161955505,-0.27284240713127844,-0.06491038540351317,1.2118078074351581
Apartment,2,3,9,8.71,10.53,24,0.0,1.12,6.51,40.8,Thursday,Summer,0,18.21,0,4,1,-1.0290764278769977,-0.6466304033004656,0.05994305046580039,1.4587627387121145,1.055011923360293,0.0,-0.7961864247267118,-0.5552729697738054,0.16822898811025722,1.3259597975896353
Villa,5,7,4,6.65,10.83,24,1.04,1.84,7.37,37.6,Thursday,Summer,0,20.13,2,4,1,0.47182038166686574,1.5005459039552316,-1.5771570672976551,0.8482739474685229,1.135363174187429,0.0,0.7581556294947259,0.8003937309103247,0.7251730470598209,1.04497028336323
Independent House,7,6,7,5.4,9.03,24,0.0,1.12,6.26,35.4,Wednesday,Summer,0,17.05,1,6,1,1.4724182546961082,0.9637518271413074,-0.5948969966395818,0.4778317197721687,0.6532556692246141,0.0,-0.7961864247267118,-0.5552729697738054,0.006326645392360861,0.8517899923325756
Independent House,7,4,10,6.66,12.53,24,0.77,1.17,6.37,32.9,Saturday,Summer,1,18.81,1,2,1,1.4724182546961082,-0.10983632648654133,0.3873630740184915,0.8512374852900937,1.5906869288745318,0.0,0.3546245192641604,-0.46112944889296337,0.07756367618823547,0.632266934343196
Apartment,5,3,14,2.05,4.13,24,0.0,0.37,8.68,29.2,Sunday,Spring/Autumn,1,9.56,0,3,0,0.47182038166686574,-0.6466304033004656,1.697043168229256,-0.5149534504540606,-0.6591480942852705,0.0,-0.7961864247267118,-1.967425782986441,1.5735413229015975,0.3073728085189144
Villa,4,8,4,0.0,2.56,24,0.0,2.09,6.73,4.7,Saturday,Winter,1,7.45,2,2,2,-0.028478554847755435,2.037339980769156,-1.5771570672976551,-1.1224787038760815,-1.0796529736139477,0.0,-0.7961864247267118,1.2711113353145362,0.3107030497020064,-1.843953159777005
Apartment,6,4,12,9.74,11.47,24,0.8,1.43,4.37,40.0,Saturday,Summer,1,23.79,0,2,1,0.9721193181814869,-0.10983632648654133,1.0422031211238738,1.7640071343339103,1.3067791759519856,0.0,0.3994613092897788,0.02841685968741701,-1.2176550655549354,1.255712419033034
Apartment,4,2,12,4.31,4.4,24,0.0,0.57,5.12,20.9,Sunday,Spring/Autumn,1,12.15,0,3,0,-0.028478554847755435,-1.18342448011439,1.0422031211238738,0.15480609722094765,-0.5868319685408482,0.0,-0.7961864247267118,-1.590851699463072,-0.7319480374012463,-0.4214437440058257
Independent House,5,3,5,8.17,9.98,24,1.18,0.81,2.04,38.9,Sunday,Summer,1,19.35,1,3,1,0.47182038166686574,-0.6466304033004656,-1.249737043744964,1.2987316963472892,0.9077012968438778,0.0,0.9673939829476116,-1.1389627992350282,-2.7265848996857294,1.159122273517707
Apartment,2,3,10,0.0,7.24,24,0.0,0.57,6.27,9.8,Wednesday,Winter,0,4.97,0,6,2,-1.0290764278769977,-0.6466304033004656,0.3873630740184915,-1.1224787038760815,0.1738265392893707,0.0,-0.7961864247267118,-1.590851699463072,0.012802739101076578,-1.3961261214786707
Villa,3,5,11,0.35,6.79,24,0.0,1.21,7.83,25.4,Thursday,Spring/Autumn,0,6.53,2,4,0,-0.5287774913623766,0.426957750327383,0.7147830975711826,-1.0187548801211022,0.05329966304866694,0.0,-0.7961864247267118,-0.3858146321882894,1.02307335766075,-0.02630223962494252
Apartment,7,4,5,3.16,2.62,24,0.0,1.04,5.41,24.0,Tuesday,Spring/Autumn,0,11.45,0,5,0,1.4724182546961082,-0.10983632648654133,-1.249737043744964,-0.18600075225969803,-1.0635827234485207,0.0,-0.7961864247267118,-0.7059026031831533,-0.5441413198484865,-0.14923515209899493
Independent House,1,4,4,8.85,11.93,24,0.0,2.02,6.26,43.7,Friday,Summer,0,18.07,1,0,1,-1.529375364391619,-0.10983632648654133,-1.5771570672976551,1.500252268214106,1.4299844272202602,0.0,-0.7961864247267118,1.1393104060813573,0.006326645392360861,1.580606544857316
Villa,2,8,12,1.74,9.34,24,0.0,2.68,8.01,24.0,Tuesday,Spring/Autumn,0,10.04,2,5,0,-1.0290764278769977,2.037339980769156,1.0422031211238738,-0.6068231229227565,0.7362852950793212,0.0,-0.7961864247267118,2.3820048817084767,1.1396430444176353,-0.14923515209899493
Independent House,6,5,7,2.31,1.84,24,0.71,1.31,4.39,12.0,Sunday,Winter,1,11.23,1,3,2,0.9721193181814869,0.426957750327383,-0.5948969966395818,-0.43790146709321887,-1.272495975599074,0.0,0.2649509392129235,-0.19752759042660448,-1.204702878137504,-1.2029458304480167
Independent House,2,5,14,8.6,13.22,24,0.0,2.14,3.46,38.8,Saturday,Summer,1,23.49,1,2,1,-1.0290764278769977,0.426957750327383,1.697043168229256,1.426163822674835,1.7754948057769444,0.0,-0.7961864247267118,1.365254856195379,-1.806979593048078,1.1503413511981317
Independent House,4,6,9,6.67,9.17,24,0.0,1.77,7.04,37.3,Saturday,Summer,1,19.1,1,2,1,-0.028478554847755435,0.9637518271413074,0.05994305046580039,0.8542010231116645,0.6907529196106109,0.0,-0.7961864247267118,0.6685928016771453,0.5114619546721976,1.018627516404504
Villa,3,8,4,0.23,2.67,24,1.1,2.37,7.82,12.9,Tuesday,Winter,0,8.05,2,5,2,-0.5287774913623766,2.037339980769156,-1.5771570672976551,-1.0543173339799523,-1.0501908483106648,0.0,0.8478292095459629,1.798315052247254,1.0165972639520344,-1.12391752957184
Independent House,6,4,8,0.67,3.55,24,0.0,1.3,6.43,4.4,Saturday,Winter,1,8.14,1,2,2,0.9721193181814869,-0.10983632648654133,-0.2674769730868907,-0.9239216698308356,-0.8144938458843998,0.0,-0.7961864247267118,-0.21635629460277297,0.11642023844053033,-1.8702959267357302
Apartment,2,2,10,12.64,12.57,24,0.66,0.0,3.04,42.7,Saturday,Summer,1,25.52,0,2,1,-1.0290764278769977,-1.18342448011439,0.3873630740184915,2.623433102589452,1.6014004289848167,0.0,0.19022295583689294,-2.664087837504675,-2.078975528814144,1.4927973216615642
Apartment,5,4,11,1.81,1.98,24,1.18,1.15,5.5,20.3,Friday,Spring/Autumn,0,9.32,0,0,0,0.47182038166686574,-0.10983632648654133,0.7147830975711826,-0.5860783581717606,-1.234998725213077,0.0,0.9673939829476116,-0.49878685724530036,-0.4858564764700439,-0.4741292779232766
Apartment,2,2,4,0.0,4.4,24,1.0,0.46,5.08,12.3,Sunday,Winter,1,4.82,0,3,2,-1.0290764278769977,-1.18342448011439,-1.5771570672976551,-1.1224787038760815,-0.5868319685408482,0.0,0.6983732427939013,-1.7979674454009251,-0.7578524122361097,-1.176603063489291
Apartment,6,3,4,0.86,0.3,24,0.92,0.5,4.15,15.9,Friday,Winter,1,7.96,0,0,2,0.9721193181814869,-0.6466304033004656,-1.5771570672976551,-0.8676144512209898,-1.6849657298450376,0.0,0.5788084693922524,-1.7226526286962511,-1.360129127146684,-0.8604898599845846
Independent House,6,3,10,5.04,12.04,24,0.0,0.56,6.12,38.9,Friday,Summer,0,14.59,1,0,1,0.9721193181814869,-0.6466304033004656,0.3873630740184915,0.37114435819561864,1.4594465525235432,0.0,-0.7961864247267118,-1.60968040363924,-0.08433866652966089,1.159122273517707
Apartment,6,3,13,0.0,1.48,24,0.0,1.66,3.22,6.4,Tuesday,Winter,0,6.04,0,5,2,0.9721193181814869,-0.6466304033004656,1.3696231446765648,-1.1224787038760815,-1.3689174765916365,0.0,-0.7961864247267118,0.46147705573929193,-1.9624058420572585,-1.6946774803442266
Independent House,6,4,7,0.0,2.52,24,0.0,1.53,2.81,12.2,Friday,Winter,0,6.1,1,0,2,0.9721193181814869,-0.10983632648654133,-0.5948969966395818,-1.1224787038760815,-1.0903664737242327,0.0,-0.7961864247267118,0.21670390144910193,-2.2279256841146085,-1.1853839858088664
Villa,4,7,14,11.76,5.71,24,0.0,1.38,7.32,36.4,Monday,Summer,0,25.75,2,1,1,-0.028478554847755435,1.5005459039552316,1.697043168229256,2.3626417742912182,-0.23596483992902195,0.0,-0.7961864247267118,-0.06572666119342545,0.6927925785162417,0.9395992155283275
Independent House,4,3,6,5.85,10.01,24,1.94,1.7,4.7,37.4,Thursday,Summer,0,13.64,1,4,1,-0.028478554847755435,-0.6466304033004656,-0.9223170201922729,0.611190921742856,0.9157364219265911,0.0,2.1032593302632776,0.5367918724439659,-1.003943973167312,1.0274084387240792
Apartment,1,4,10,1.43,0.74,24,0.57,1.25,8.4,16.1,Monday,Winter,0,7.03,0,1,2,-1.529375364391619,-0.10983632648654133,0.3873630740184915,-0.6986927953914522,-1.567117228631905,0.0,0.05571258576003765,-0.31049981548361544,1.392210699057554,-0.8429280153454342
Apartment,4,3,5,1.54,0.75,24,0.0,2.01,8.36,12.9,Monday,Winter,0,8.63,0,1,2,-0.028478554847755435,-0.6466304033004656,-1.249737043744964,-0.6660938793541731,-1.5644388536043339,0.0,-0.7961864247267118,1.1204817019051883,1.36630632422269,-1.12391752957184
Villa,5,5,5,6.71,8.24,24,1.17,2.31,7.87,38.8,Saturday,Summer,1,20.99,2,2,1,0.47182038166686574,0.426957750327383,-1.249737043744964,0.8660551743979478,0.44166404204649,0.0,0.9524483862724055,1.685342827190243,1.0489777324956135,1.1503413511981317
Villa,5,9,12,5.45,10.05,24,0.0,2.15,9.86,38.4,Friday,Summer,0,18.3,2,0,1,0.47182038166686574,2.5741340575830804,1.0422031211238738,0.49264940888002284,0.9264499220368762,0.0,-0.7961864247267118,1.3840835603715471,2.337720380530068,1.115217661919831
Independent House,5,3,13,8.37,9.77,24,0.0,1.58,6.37,29.6,Wednesday,Summer,0,21.91,1,6,1,0.47182038166686574,-0.6466304033004656,1.3696231446765648,1.3580024527787058,0.8514554212648825,0.0,-0.7961864247267118,0.3108474223299444,0.07756367618823547,0.34249649779721536
Apartment,2,3,14,2.32,0.0,24,0.0,0.69,6.72,16.6,Saturday,Winter,1,8.83,0,2,2,-1.0290764278769977,-0.6466304033004656,1.697043168229256,-0.4349379292716481,-1.7653169806721734,0.0,-0.7961864247267118,-1.3649072493490502,0.30422695599329014,-0.7990234037475582
Apartment,4,3,11,0.0,7.22,24,0.0,1.97,7.09,25.3,Saturday,Spring/Autumn,1,7.16,0,2,0,-0.028478554847755435,-0.6466304033004656,0.7147830975711826,-1.1224787038760815,0.16846978923422817,0.0,-0.7961864247267118,1.0451668852005147,0.5438424232157768,-0.035083161944517514
Villa,6,9,9,8.17,11.53,24,1.08,2.16,9.7,39.3,Sunday,Summer,1,26.57,2,3,1,0.9721193181814869,2.5741340575830804,0.05994305046580039,1.2987316963472892,1.3228494261174124,0.0,0.8179380161955505,1.4029122645477161,2.2341028811906143,1.1942459627960076
Villa,5,7,7,5.3,9.73,24,0.98,2.24,8.31,40.4,Monday,Summer,0,17.22,2,1,1,0.47182038166686574,1.5005459039552316,-0.5948969966395818,0.4481963415564602,0.8407419211545979,0.0,0.6684820494434891,1.553541897957064,1.3339258556791114,1.2908361083113347
Villa,6,6,11,0.0,0.46,24,0.75,1.01,8.16,6.8,Saturday,Winter,1,7.32,2,2,2,0.9721193181814869,0.9637518271413074,0.7147830975711826,-1.1224787038760815,-1.6421117294038985,0.0,0.3247333259137481,-0.7623887157116588,1.2367844500483733,-1.6595537910659262
Villa,1,9,12,3.68,8.34,24,0.88,1.57,6.47,25.7,Thursday,Summer,0,32.35,2,4,1,-1.529375364391619,2.5741340575830804,1.0422031211238738,-0.031896785538014685,0.46844779232220185,0.0,0.5190260826914278,0.2920187181537759,0.14232461327539378,4.0527333783088164e-05
Villa,6,7,11,7.56,10.12,24,0.0,2.08,5.62,46.2,Friday,Summer,0,21.32,2,0,1,0.9721193181814869,1.5005459039552316,0.7147830975711826,1.1179558892314685,0.9451985472298742,0.0,-0.7961864247267118,1.2522826311383681,-0.4081433519654536,1.8001296028466955
Villa,4,5,7,7.4,10.87,24,0.96,1.7,3.83,27.6,Tuesday,Summer,0,18.6,2,5,1,-0.028478554847755435,0.426957750327383,-0.5948969966395818,1.0705392840863355,1.1460766742977135,0.0,0.6385908560930768,0.5367918724439659,-1.5673641258255915,0.1668780514057117
Apartment,6,4,4,4.44,5.08,24,0.0,1.06,6.82,23.3,Saturday,Spring/Autumn,1,12.74,0,2,0,0.9721193181814869,-0.10983632648654133,-1.5771570672976551,0.19333208890136871,-0.4047024666660071,0.0,-0.7961864247267118,-0.6682451948308163,0.368987893080449,-0.21070160833602114
Apartment,3,2,12,0.06,4.17,24,0.8,1.3,5.27,11.3,Tuesday,Winter,0,6.01,0,5,2,-0.5287774913623766,-1.18342448011439,1.0422031211238738,-1.1046974769466564,-0.6484345941749857,0.0,0.3994613092897788,-0.21635629460277297,-0.6348066317705088,-1.264412286685043
Independent House,1,3,5,9.68,10.18,24,0.0,1.23,6.94,43.0,Tuesday,Summer,0,20.34,1,5,1,-1.529375364391619,-0.6466304033004656,-1.249737043744964,1.746225907404485,0.9612687973953015,0.0,-0.7961864247267118,-0.34815722383595243,0.44670101758503933,1.5191400886202895
Apartment,3,2,10,0.0,4.13,24,0.0,0.93,6.21,11.1,Tuesday,Winter,0,4.64,0,5,2,-0.5287774913623766,-1.18342448011439,0.3873630740184915,-1.1224787038760815,-0.6591480942852705,0.0,-0.7961864247267118,-0.9130183491210065,-0.02605382315121829,-1.2819741313241935
Apartment,6,3,7,3.77,10.51,24,1.05,0.85,7.68,42.0,Monday,Summer,0,12.97,0,1,1,0.9721193181814869,-0.6466304033004656,-0.5948969966395818,-0.005224945143877224,1.049655173305151,0.0,0.773101226169932,-1.0636479825303544,0.9259319520300121,1.4313308654245378
Apartment,7,2,8,10.69,7.53,24,0.0,0.64,6.02,44.7,Thursday,Summer,0,26.4,0,4,1,1.4724182546961082,-1.18342448011439,-0.2674769730868907,2.0455432273831393,0.2514994150889353,0.0,-0.7961864247267118,-1.4590507702298925,-0.14909960361681976,1.6684157680530678
Independent House,6,6,14,1.35,6.79,24,1.82,1.39,6.05,22.0,Wednesday,Spring/Autumn,0,32.35,1,6,0,0.9721193181814869,0.9637518271413074,1.697043168229256,-0.7224010979640189,0.05329966304866694,0.0,1.9239121701608042,-0.04689795701725696,-0.12967132249067204,-0.32485359849049855
Independent House,6,6,10,0.0,2.9,24,0.0,0.74,8.44,16.5,Tuesday,Winter,0,6.49,1,5,2,0.9721193181814869,0.9637518271413074,0.3873630740184915,-1.1224787038760815,-0.9885882226765274,0.0,-0.7961864247267118,-1.2707637284682076,1.4181150738924169,-0.8078043260671335
Independent House,4,3,11,10.95,12.43,24,0.64,1.26,5.41,41.4,Saturday,Summer,1,23.21,1,2,1,-0.028478554847755435,-0.6466304033004656,0.7147830975711826,2.122595210743981,1.56390317859882,0.0,0.16033176248648065,-0.29167111130744694,-0.5441413198484865,1.3786453315070866
Villa,1,7,9,8.91,5.07,24,0.0,2.15,6.84,25.7,Monday,Summer,0,20.05,2,1,1,-1.529375364391619,1.5005459039552316,0.05994305046580039,1.518033495143531,-0.40738084169357824,0.0,-0.7961864247267118,1.3840835603715471,0.3819400804978804,4.0527333783088164e-05
Independent House,2,5,9,3.56,5.38,24,1.83,0.92,7.01,24.6,Sunday,Spring/Autumn,1,12.78,1,3,0,-1.0290764278769977,0.426957750327383,0.05994305046580039,-0.06745923939686471,-0.3243512158388714,0.0,1.9388577668360103,-0.931847053297175,0.4920336735460499,-0.09654961818154371
Apartment,1,3,4,0.0,1.66,24,0.0,0.76,7.01,13.7,Friday,Winter,0,4.39,0,0,2,-1.529375364391619,-0.6466304033004656,-1.5771570672976551,-1.1224787038760815,-1.3207067260953553,0.0,-0.7961864247267118,-1.2331063201158707,0.4920336735460499,-1.0536701510152386
Apartment,5,4,11,0.53,7.09,24,0.0,1.0,7.51,26.1,Sunday,Spring/Autumn,1,8.02,0,3,0,0.47182038166686574,-0.10983632648654133,0.7147830975711826,-0.9654111993328273,0.1336509138758027,0.0,-0.7961864247267118,-0.7812174198878273,0.8158383589818426,0.035164216612084
Apartment,5,3,10,10.67,10.69,24,3.0,0.96,6.88,40.6,Saturday,Summer,1,26.74,0,2,1,0.47182038166686574,-0.6466304033004656,0.3873630740184915,2.0396161517399976,1.0978659238014323,0.0,3.687492577835128,-0.8565322365925012,0.4078444553327439,1.3083979529504852
Apartment,2,2,9,2.22,4.46,24,0.97,0.24,6.26,13.7,Thursday,Winter,0,7.79,0,4,2,-1.0290764278769977,-1.18342448011439,0.05994305046580039,-0.46457330748735637,-0.5707617183754211,0.0,0.653536452768283,-2.2121989372766313,0.006326645392360861,-1.0536701510152386
Independent House,6,4,12,0.0,0.67,24,0.81,2.18,6.26,6.9,Friday,Winter,0,7.13,1,0,2,0.9721193181814869,-0.10983632648654133,1.0422031211238738,-1.1224787038760815,-1.5858658538249035,0.0,0.414406905964985,1.440569672900053,0.006326645392360861,-1.6507728687463508
Apartment,2,2,7,9.39,10.19,24,0.78,0.45,6.79,40.1,Wednesday,Summer,0,18.85,0,6,1,-1.0290764278769977,-1.18342448011439,-0.5948969966395818,1.6602833105789312,0.9639471724228725,0.0,0.3695701159393665,-1.8167961495770935,0.3495596119543013,1.2644933413526094
Apartment,3,3,6,8.77,9.28,24,1.08,0.28,5.7,39.7,Sunday,Summer,1,21.08,0,3,1,-0.5287774913623766,-0.6466304033004656,-0.9223170201922729,1.4765439656415391,0.7202150449138939,0.0,0.8179380161955505,-2.1368841205719575,-0.3563346022957267,1.2293696520743087
Independent House,6,4,11,0.76,1.8,24,0.76,1.81,6.08,13.2,Thursday,Winter,0,8.08,1,4,2,0.9721193181814869,-0.10983632648654133,0.7147830975711826,-0.8972498294366981,-1.2832094757093586,0.0,0.3396789225889542,0.7439076183818193,-0.11024304136452433,-1.0975747626131145
Independent House,7,6,6,0.77,7.11,24,0.0,1.35,5.72,25.8,Monday,Spring/Autumn,0,7.59,1,1,0,1.4724182546961082,0.9637518271413074,-0.9223170201922729,-0.8942862916151273,0.1390076639309452,0.0,-0.7961864247267118,-0.1222127737219305,-0.3433824148782953,0.008821449653358394
Villa,7,9,11,1.66,3.01,24,1.02,1.75,6.26,7.1,Saturday,Winter,1,14.03,2,2,2,1.4724182546961082,2.5741340575830804,0.7147830975711826,-0.6305314254953232,-0.9591260973732443,0.0,0.7282644361443137,0.6309353933248083,0.006326645392360861,-1.6332110241072009
Apartment,4,2,8,1.31,7.88,24,0.56,0.72,4.09,22.8,Friday,Spring/Autumn,0,7.23,0,0,0,-0.028478554847755435,-1.18342448011439,-0.2674769730868907,-0.7342552492503023,0.345242541053927,0.0,0.04076698908483167,-1.3084211368205447,-1.3989856893989794,-0.25460621993389704
Villa,1,8,7,0.73,7.66,24,1.11,1.37,8.96,22.2,Wednesday,Spring/Autumn,0,8.03,2,6,0,-1.529375364391619,2.037339980769156,-0.5948969966395818,-0.9061404429014106,0.2863182904473608,0.0,0.862774806221169,-0.08455536536959352,1.7548719467456422,-0.30729175385134827
Apartment,5,2,4,10.55,15.28,24,0.54,1.5,5.67,38.3,Sunday,Summer,1,27.39,0,3,1,0.47182038166686574,-1.18342448011439,-1.5771570672976551,2.004053697881148,2.3272400614566098,0.0,0.010875795734419385,0.16021778892059646,-0.3757628834218744,1.1064367396002557
Independent House,5,4,10,7.1,11.55,24,0.68,1.87,5.51,35.1,Wednesday,Summer,0,19.85,1,6,1,0.47182038166686574,-0.10983632648654133,0.3873630740184915,0.9816331494392102,1.3282061761725552,0.0,0.22011414918730524,0.8568798434388303,-0.47938038276132816,0.8254472253738503
Independent House,5,4,12,0.0,1.74,24,0.0,0.97,7.59,9.0,Sunday,Winter,1,6.95,1,3,2,0.47182038166686574,-0.10983632648654133,1.0422031211238738,-1.1224787038760815,-1.2992797258747857,0.0,-0.7961864247267118,-0.8377035324163328,0.8676471086515695,-1.4663735000352722
Villa,2,5,12,7.12,12.95,24,0.0,1.32,8.65,30.8,Sunday,Summer,1,18.29,2,3,1,-1.0290764278769977,0.426957750327383,1.0422031211238738,0.987560225082352,1.703178680032522,0.0,-0.7961864247267118,-0.17869888625043598,1.5541130417754503,0.44786756563211744
Villa,3,9,5,1.36,0.09,24,0.0,1.9,8.43,13.8,Sunday,Winter,1,10.09,2,3,2,-0.5287774913623766,2.5741340575830804,-1.249737043744964,-0.7194375601424481,-1.7412116054240327,0.0,-0.7961864247267118,0.9133659559673353,1.411638980183701,-1.0448892286956635
Independent House,4,6,12,10.18,9.08,24,0.0,0.84,5.94,39.6,Tuesday,Summer,0,20.37,1,5,1,-0.028478554847755435,0.9637518271413074,1.0422031211238738,1.8944027984830267,0.6666475443624702,0.0,-0.7961864247267118,-1.082476686706523,-0.20090835328654608,1.2205887297547335
Apartment,6,3,9,0.28,0.46,24,1.17,1.45,6.67,4.1,Monday,Winter,0,7.4,0,1,2,0.9721193181814869,-0.6466304033004656,0.05994305046580039,-1.0394996448720981,-1.6421117294038985,0.0,0.9524483862724055,0.066074268039754,0.27184648744971096,-1.8966386936944561
Apartment,5,4,10,0.81,8.39,24,0.0,0.84,5.86,25.5,Wednesday,Spring/Autumn,0,7.17,0,6,0,0.47182038166686574,-0.10983632648654133,0.3873630740184915,-0.8824321403288439,0.481839667460058,0.0,-0.7961864247267118,-1.082476686706523,-0.2527171029562729,-0.017521317305367212
Villa,5,7,14,5.75,12.07,24,0.97,1.44,8.58,42.6,Wednesday,Summer,0,18.86,2,6,1,0.47182038166686574,1.5005459039552316,1.697043168229256,0.5815555435271478,1.4674816776062571,0.0,0.653536452768283,0.047245563863585506,1.508780385814439,1.484016399341989
Apartment,1,2,12,1.59,10.37,24,1.48,0.67,4.91,37.6,Wednesday,Summer,0,7.06,0,6,1,-1.529375364391619,-1.18342448011439,1.0422031211238738,-0.6512761902463188,1.012157922919154,0.0,1.4157618832037957,-1.4025646577013868,-0.8679460052842792,1.04497028336323
Independent House,6,6,7,0.36,2.47,24,0.0,1.69,6.82,8.5,Tuesday,Winter,1,8.24,1,5,2,0.9721193181814869,0.9637518271413074,-0.5948969966395818,-1.0157913422995315,-1.1037583488620883,0.0,-0.7961864247267118,0.5179631682677974,0.368987893080449,-1.510278111633148
Apartment,5,2,4,6.95,8.75,24,0.0,1.57,8.59,33.8,Wednesday,Summer,0,16.72,0,6,1,0.47182038166686574,-1.18342448011439,-1.5771570672976551,0.9371800821156479,0.5782611684526209,0.0,-0.7961864247267118,0.2920187181537759,1.515256479523155,0.7112952352193725
Independent House,7,5,9,1.28,2.3,24,1.11,0.39,6.84,13.5,Tuesday,Winter,0,9.21,1,5,2,1.4724182546961082,0.426957750327383,0.05994305046580039,-0.7431458627150148,-1.149290724330799,0.0,0.862774806221169,-1.9297683746341041,0.3819400804978804,-1.071231995654389
Villa,5,5,8,2.48,6.0,24,0.0,1.53,8.07,20.7,Sunday,Spring/Autumn,1,11.53,2,3,0,0.47182038166686574,0.426957750327383,-0.2674769730868907,-0.38752132412651474,-0.15829196412945734,0.0,-0.7961864247267118,0.21670390144910193,1.1784996066699307,-0.43900558864497596
Apartment,1,4,7,2.28,6.47,24,0.63,1.39,6.26,14.3,Friday,Spring/Autumn,0,9.16,0,0,0,-1.529375364391619,-0.10983632648654133,-0.5948969966395818,-0.44679208055793146,-0.03240833783361132,0.0,0.14538616581127453,-0.04689795701725696,0.006326645392360861,-1.0009846170977874
Apartment,4,3,5,6.42,11.23,24,0.0,0.77,5.21,42.4,Saturday,Summer,1,17.41,0,2,1,-0.028478554847755435,-0.6466304033004656,-1.249737043744964,0.7801125775723936,1.2424981752902768,0.0,-0.7961864247267118,-1.2142776159397022,-0.6736631940228037,1.4664545547028383
Apartment,6,2,5,1.47,6.91,24,0.0,0.82,5.49,26.6,Monday,Spring/Autumn,0,7.97,0,1,0,0.9721193181814869,-1.18342448011439,-1.249737043744964,-0.6868386441051688,0.08544016337952129,0.0,-0.7961864247267118,-1.1201340950588599,-0.4923325701787596,0.0790688282099599
Apartment,6,3,12,2.55,4.52,24,0.65,1.73,9.03,20.8,Friday,Spring/Autumn,0,11.04,0,0,0,0.9721193181814869,-0.6466304033004656,1.0422031211238738,-0.36677655937551895,-0.554691468209994,0.0,0.1752773591616868,0.5932779849724713,1.800204602706652,-0.4302246663254007
Villa,7,7,4,2.21,3.73,24,0.67,2.31,6.51,25.3,Thursday,Spring/Autumn,0,11.95,2,4,0,1.4724182546961082,1.5005459039552316,-1.5771570672976551,-0.46753684530892725,-0.7662830953881182,0.0,0.2051685525120991,1.685342827190243,0.16822898811025722,-0.035083161944517514
Villa,3,6,12,7.31,7.21,24,1.08,2.24,8.9,36.8,Saturday,Summer,1,22.98,2,2,1,-0.5287774913623766,0.9637518271413074,1.0422031211238738,1.0438674436921977,0.16579141420665705,0.0,0.8179380161955505,1.553541897957064,1.7160153844933466,0.974722904806628
Apartment,6,3,10,8.45,11.56,24,0.0,1.43,3.92,41.0,Saturday,Summer,1,21.58,0,2,1,0.9721193181814869,-0.6466304033004656,0.3873630740184915,1.3817107553512724,1.3308845512001264,0.0,-0.7961864247267118,0.02841685968741701,-1.5090792824471488,1.343521642228786
Independent House,6,3,5,6.79,10.17,24,2.16,1.04,7.13,35.6,Monday,Summer,0,17.81,1,1,1,0.9721193181814869,-0.6466304033004656,-1.249737043744964,0.8897634769705145,0.9585904223677303,0.0,2.4320624571178127,-0.7059026031831533,0.5697467980506402,0.8693518369717262
Independent House,6,4,9,1.73,5.37,24,1.18,1.61,3.41,20.2,Sunday,Spring/Autumn,1,10.73,1,3,0,0.9721193181814869,-0.10983632648654133,0.05994305046580039,-0.6097866607443273,-0.3270295908664425,0.0,0.9673939829476116,0.3673335348584499,-1.8393600615916572,-0.48291020024285186
Independent House,6,5,10,6.95,12.41,24,0.0,1.59,10.3,35.1,Tuesday,Summer,0,18.82,1,5,1,0.9721193181814869,0.426957750327383,0.3873630740184915,0.9371800821156479,1.5585464285436776,0.0,-0.7961864247267118,0.3296761265061129,2.6226685037135664,0.8254472253738503
Apartment,2,2,6,5.73,5.32,24,0.81,1.99,6.32,24.3,Wednesday,Spring/Autumn,1,16.06,0,6,0,-1.0290764278769977,-1.18342448011439,-0.9223170201922729,0.5756284678840062,-0.3404214660042984,0.0,0.414406905964985,1.0828242935528518,0.045183207644656304,-0.12289238514026933
Apartment,6,4,14,2.18,5.75,24,0.64,1.45,7.3,25.0,Tuesday,Spring/Autumn,0,32.35,0,5,0,0.9721193181814869,-0.10983632648654133,1.697043168229256,-0.4764274587736397,-0.22525133981873718,0.0,0.16033176248648065,0.066074268039754,0.6798403910988097,-0.06142592890324312
Villa,1,8,6,2.56,5.75,24,2.14,2.03,7.67,22.6,Thursday,Spring/Autumn,0,10.88,2,4,0,-1.529375364391619,2.037339980769156,-0.9223170201922729,-0.36381302155394807,-0.22525133981873718,0.0,2.4021712637674004,1.1581391102575254,0.9194558583212964,-0.2721680645730473
Apartment,6,3,10,0.66,2.45,24,0.0,0.91,6.34,9.6,Saturday,Winter,1,7.39,0,2,2,0.9721193181814869,-0.6466304033004656,0.3873630740184915,-0.9268852076524063,-1.109115098917231,0.0,-0.7961864247267118,-0.9506757574733435,0.05813539506208774,-1.4136879661178212
Apartment,1,4,11,9.43,10.09,24,2.17,1.68,5.23,39.7,Sunday,Summer,1,22.18,0,3,1,-1.529375364391619,-0.10983632648654133,0.7147830975711826,1.6721374618652143,0.9371634221471608,0.0,2.447008053793019,0.49913446409162887,-0.6607110066053716,1.2293696520743087
Villa,6,9,5,8.01,8.13,24,1.09,2.01,9.49,33.0,Monday,Summer,0,23.25,2,1,1,0.9721193181814869,2.5741340575830804,-1.249737043744964,1.251315091202156,0.41220191674320705,0.0,0.8328836128707566,1.1204817019051883,2.0981049133075818,0.6410478566627714
Villa,6,7,9,3.52,3.02,24,0.68,2.21,8.77,26.3,Wednesday,Spring/Autumn,0,16.34,2,6,0,0.9721193181814869,1.5005459039552316,0.05994305046580039,-0.07931339068314806,-0.956447722345673,0.0,0.22011414918730524,1.4970557854285582,1.63182616628004,0.0527260612512343
Independent House,7,4,7,3.06,4.48,24,0.71,1.54,7.08,16.1,Monday,Spring/Autumn,0,11.06,1,1,0,1.4724182546961082,-0.10983632648654133,-0.5948969966395818,-0.2156361304754064,-0.5654049683202786,0.0,0.2649509392129235,0.23553260562527042,0.5373663295070611,-0.8429280153454342
Independent House,7,4,6,5.97,5.95,24,0.0,1.3,6.82,30.6,Friday,Summer,0,17.31,1,0,1,1.4724182546961082,-0.10983632648654133,-0.9223170201922729,0.6467533756017061,-0.17168383926731326,0.0,-0.7961864247267118,-0.21635629460277297,0.368987893080449,0.43030572099296716
Independent House,1,3,8,9.29,7.46,24,0.71,1.36,4.72,37.9,Sunday,Summer,1,17.96,1,3,1,-1.529375364391619,-0.6466304033004656,-0.2674769730868907,1.6306479323632224,0.2327507898959369,0.0,0.2649509392129235,-0.10338406954576201,-0.9909917857498807,1.0713130503219552
Apartment,4,2,5,6.73,6.39,24,0.0,1.02,5.36,40.7,Friday,Summer,0,16.69,0,0,1,-0.028478554847755435,-1.18342448011439,-1.249737043744964,0.8719822500410895,-0.053835338054180885,0.0,-0.7961864247267118,-0.7435600115354903,-0.5765217883920657,1.3171788752700606
Independent House,7,4,10,0.29,3.36,24,0.0,1.21,5.99,9.9,Saturday,Winter,1,7.55,1,2,2,1.4724182546961082,-0.10983632648654133,0.3873630740184915,-1.0365361070505272,-0.8653829714082525,0.0,-0.7961864247267118,-0.3858146321882894,-0.16852788474296693,-1.3873451991590955
Apartment,7,2,12,1.11,4.92,24,0.0,1.7,5.51,24.4,Saturday,Spring/Autumn,1,9.22,0,2,0,1.4724182546961082,-1.18342448011439,1.0422031211238738,-0.7935260056817189,-0.44755646710714625,0.0,-0.7961864247267118,0.5367918724439659,-0.47938038276132816,-0.11411146282069433
Villa,5,7,8,3.16,6.0,24,0.78,0.93,5.25,18.7,Tuesday,Spring/Autumn,0,11.17,2,5,0,0.47182038166686574,1.5005459039552316,-0.2674769730868907,-0.18600075225969803,-0.15829196412945734,0.0,0.3695701159393665,-0.9130183491210065,-0.6477588191879402,-0.6146240350364796
Apartment,5,4,11,0.0,0.15,24,0.93,0.9,4.44,25.7,Monday,Winter,0,6.03,0,1,2,0.47182038166686574,-0.10983632648654133,0.7147830975711826,-1.1224787038760815,-1.7251413552586055,0.0,0.5937540660674585,-0.969504461649512,-1.1723224095939242,4.0527333783088164e-05
Independent House,2,6,10,1.27,9.22,24,0.99,1.78,9.78,24.6,Friday,Spring/Autumn,0,9.22,1,0,0,-1.0290764278769977,0.9637518271413074,0.3873630740184915,-0.7461094005365856,0.7041447947484671,0.0,0.6834276461186952,0.6874215058533139,2.2859116308603413,-0.09654961818154371
Apartment,7,4,8,3.53,9.07,24,0.0,2.0,5.42,33.3,Monday,Summer,0,14.67,0,1,1,1.4724182546961082,-0.10983632648654133,-0.2674769730868907,-0.07634985286157729,0.6639691693348991,0.0,-0.7961864247267118,1.1016529977290201,-0.5376652261397707,0.6673906236214967
Independent House,2,4,12,0.0,3.43,24,0.0,0.53,5.42,9.4,Tuesday,Winter,0,4.87,1,5,2,-1.0290764278769977,-0.10983632648654133,1.0422031211238738,-1.1224787038760815,-0.846634346215254,0.0,-0.7961864247267118,-1.6661665161677457,-0.5376652261397707,-1.4312498107569713
Villa,2,5,5,1.15,1.53,24,0.0,1.88,6.44,15.8,Thursday,Winter,0,7.31,2,4,2,-1.0290764278769977,0.426957750327383,-1.249737043744964,-0.7816718543954356,-1.3555256014537806,0.0,-0.7961864247267118,0.8757085476149983,0.12289633214924663,-0.8692707823041598
Apartment,2,2,8,6.45,10.97,24,0.0,1.53,4.99,42.5,Thursday,Summer,0,16.32,0,4,1,-1.0290764278769977,-1.18342448011439,-0.2674769730868907,0.7890031910371061,1.172860424573426,0.0,-0.7961864247267118,0.21670390144910193,-0.8161372556145523,1.4752354770224136
Villa,1,9,4,2.18,6.47,24,0.0,1.43,8.48,21.2,Monday,Spring/Autumn,0,9.52,2,1,0,-1.529375364391619,2.5741340575830804,-1.5771570672976551,-0.4764274587736397,-0.03240833783361132,0.0,-0.7961864247267118,0.02841685968741701,1.4440194487272808,-0.39510097704710007
Independent House,1,6,14,0.74,4.75,24,0.0,1.22,8.95,25.7,Friday,Spring/Autumn,0,6.74,1,0,0,-1.529375364391619,0.9637518271413074,1.697043168229256,-0.9031769050798398,-0.4930888425758565,0.0,-0.7961864247267118,-0.3669859280121209,1.7483958530369252,4.0527333783088164e-05
Apartment,5,2,14,2.58,5.72,24,1.03,0.75,4.91,26.5,Sunday,Spring/Autumn,1,11.73,0,3,0,0.47182038166686574,-1.18342448011439,1.697043168229256,-0.35788594591080636,-0.23328646490145083,0.0,0.7432100328195198,-1.2519350242920393,-0.8679460052842792,0.0702879058903846
Villa,4,7,7,9.11,11.71,24,1.04,1.99,5.32,31.3,Tuesday,Summer,0,22.42,2,5,1,-0.028478554847755435,1.5005459039552316,-0.5948969966395818,1.5773042515749476,1.3710601766136943,0.0,0.7581556294947259,1.0828242935528518,-0.6024261632269291,0.4917721772299934
Independent House,4,5,9,10.82,7.2,24,0.0,1.78,8.28,41.7,Friday,Summer,0,22.46,1,0,1,-0.028478554847755435,0.426957750327383,0.05994305046580039,2.08406921906356,0.1631130391790859,0.0,-0.7961864247267118,0.6874215058533139,1.314497574552963,1.4049880984658125
Apartment,7,2,6,4.96,8.89,24,0.0,1.04,7.88,28.5,Monday,Summer,0,13.05,0,1,1,1.4724182546961082,-1.18342448011439,-0.9223170201922729,0.3474360556230519,0.6157584188386177,0.0,-0.7961864247267118,-0.7059026031831533,1.0554538262043291,0.24590635228188823
Independent House,6,5,14,2.99,1.81,24,0.0,1.93,5.62,19.1,Thursday,Spring/Autumn,0,11.0,1,4,0,0.9721193181814869,0.426957750327383,1.697043168229256,-0.23638089522640218,-1.2805311006817872,0.0,-0.7961864247267118,0.9698520684958408,-0.4081433519654536,-0.5795003457581787
Apartment,5,2,7,5.46,11.53,24,0.66,1.76,4.93,36.4,Thursday,Summer,0,15.55,0,4,1,0.47182038166686574,-1.18342448011439,-0.5948969966395818,0.4956129467015936,1.3228494261174124,0.0,0.19022295583689294,0.6497640975009769,-0.8549938178668477,0.9395992155283275
Villa,2,6,11,9.47,8.92,24,0.0,1.2,8.61,22.7,Monday,Summer,0,19.82,2,1,1,-1.0290764278769977,0.9637518271413074,0.7147830975711826,1.6839916131514978,0.6237935439213311,0.0,-0.7961864247267118,-0.4046433363644579,1.5282086669405863,-0.2633871422534724
Villa,5,7,5,1.03,7.4,24,0.93,1.9,10.27,24.2,Monday,Spring/Autumn,0,10.44,2,1,0,0.47182038166686574,1.5005459039552316,-1.249737043744964,-0.8172343082542857,0.21668053973050982,0.0,0.5937540660674585,0.9133659559673353,2.6032402225874183,-0.13167330745984462
Apartment,1,4,10,10.6,9.05,24,0.0,2.22,5.07,40.3,Sunday,Summer,1,21.45,0,3,1,-1.529375364391619,-0.10983632648654133,0.3873630740184915,2.0188713869890016,0.6586124192797569,0.0,-0.7961864247267118,1.515884489604727,-0.7643285059448254,1.2820551859917593
Apartment,4,2,13,5.24,11.92,24,1.19,1.17,7.78,34.6,Monday,Summer,0,16.71,0,1,1,-0.028478554847755435,-1.18342448011439,1.3696231446765648,0.43041511462703536,1.427306052192689,0.0,0.9823395796228178,-0.46112944889296337,0.9906928891171709,0.7815426137759744
Apartment,3,2,4,1.87,4.19,24,0.73,1.29,7.21,6.2,Friday,Winter,0,7.91,0,0,2,-0.5287774913623766,-1.18342448011439,-1.5771570672976551,-0.5682971312423355,-0.6430778441198433,0.0,0.2948421325633358,-0.23518499877894145,0.6215555477203671,-1.7122393249833774
Independent House,6,3,8,4.74,11.93,24,0.0,1.04,5.34,39.4,Saturday,Summer,1,14.81,1,2,1,0.9721193181814869,-0.6466304033004656,-0.2674769730868907,0.28223822354849365,1.4299844272202602,0.0,-0.7961864247267118,-0.7059026031831533,-0.5894739758094977,1.203026885115583
Independent House,4,6,4,0.0,1.12,24,1.9,1.5,7.75,7.6,Thursday,Winter,0,6.86,1,4,2,-0.028478554847755435,0.9637518271413074,-1.5771570672976551,-1.1224787038760815,-1.4653389775841996,0.0,2.043476943562453,0.16021778892059646,0.9712646079910232,-1.5893064125093248
Apartment,6,3,11,0.0,3.72,24,0.68,1.15,7.5,14.0,Thursday,Winter,0,6.16,0,4,2,0.9721193181814869,-0.6466304033004656,0.7147830975711826,-1.1224787038760815,-0.7689614704156894,0.0,0.22011414918730524,-0.49878685724530036,0.8093622652731268,-1.0273273840565131
Independent House,6,5,12,1.27,0.62,24,0.0,1.25,5.26,14.9,Wednesday,Winter,0,7.64,1,6,2,0.9721193181814869,0.426957750327383,1.0422031211238738,-0.7461094005365856,-1.5992577289627594,0.0,-0.7961864247267118,-0.31049981548361544,-0.6412827254792245,-0.9482990831803364
Apartment,5,3,5,0.44,3.43,24,0.0,1.12,6.55,17.0,Monday,Winter,0,5.64,0,1,2,0.47182038166686574,-0.6466304033004656,-1.249737043744964,-0.9920830397269648,-0.846634346215254,0.0,-0.7961864247267118,-0.5552729697738054,0.19413336294512065,-0.7638997144692576
Apartment,2,3,4,6.81,6.98,24,0.0,1.16,6.59,28.3,Friday,Summer,0,14.69,0,0,1,-1.0290764278769977,-0.6466304033004656,-1.5771570672976551,0.895690552613656,0.10418878857251973,0.0,-0.7961864247267118,-0.47995815306913187,0.2200377377799841,0.22834450764273792
Independent House,5,5,14,0.74,8.84,24,0.0,0.71,5.56,24.4,Friday,Spring/Autumn,0,7.16,1,0,0,0.47182038166686574,0.426957750327383,1.697043168229256,-0.9031769050798398,0.6023665437007616,0.0,-0.7961864247267118,-1.327249840996713,-0.44699991421774904,-0.11411146282069433
Independent House,6,5,11,2.28,5.11,24,0.87,0.64,5.71,16.5,Friday,Spring/Autumn,0,10.4,1,0,0,0.9721193181814869,0.426957750327383,0.7147830975711826,-0.44679208055793146,-0.3966673415832935,0.0,0.5040804860162217,-1.4590507702298925,-0.349858508587011,-0.8078043260671335
Apartment,4,4,14,0.21,2.24,24,0.0,1.91,6.96,10.9,Saturday,Winter,1,7.67,0,2,2,-0.028478554847755435,-0.10983632648654133,1.697043168229256,-1.0602444096230939,-1.165360974496226,0.0,-0.7961864247267118,0.9321946601435038,0.45965320500247075,-1.2995359759633436
Apartment,2,4,7,5.12,10.04,24,0.0,1.59,4.98,33.5,Tuesday,Summer,0,12.99,0,5,1,-1.0290764278769977,-0.10983632648654133,-0.5948969966395818,0.3948526607681853,0.9237715470093045,0.0,-0.7961864247267118,0.3296761265061129,-0.822613349323268,0.6849524682606473
Apartment,2,4,8,1.72,6.99,24,0.93,1.25,6.57,25.3,Tuesday,Spring/Autumn,0,7.96,0,5,0,-1.0290764278769977,-0.10983632648654133,-0.2674769730868907,-0.612750198565898,0.10686716360009087,0.0,0.5937540660674585,-0.31049981548361544,0.20708555036255266,-0.035083161944517514
Apartment,3,2,4,0.53,7.62,24,0.58,1.47,6.26,28.2,Thursday,Spring/Autumn,0,5.83,0,4,0,-0.5287774913623766,-1.18342448011439,-1.5771570672976551,-0.9654111993328273,0.275604790337076,0.0,0.0706581824352438,0.10373167639209098,0.006326645392360861,0.2195635853231626
Independent House,5,5,12,6.05,11.2,24,0.0,1.85,4.6,36.8,Friday,Summer,0,17.25,1,0,1,0.47182038166686574,0.426957750327383,1.0422031211238738,0.6704616781742727,1.234463050207563,0.0,-0.7961864247267118,0.8192224350864933,-1.068704910254471,0.974722904806628
Villa,4,6,7,3.63,6.67,24,2.36,0.35,6.63,26.3,Thursday,Spring/Autumn,0,12.37,2,4,0,-0.028478554847755435,0.9637518271413074,-0.5948969966395818,-0.04671447464586893,0.021159162717812596,0.0,2.730974390621935,-2.005083191338778,0.24594211261484752,0.0527260612512343
Independent House,3,3,5,2.11,8.12,24,1.11,0.87,5.41,20.6,Monday,Spring/Autumn,0,9.2,1,1,0,-0.5287774913623766,-0.6466304033004656,-1.249737043744964,-0.49717222352463564,0.40952354171563543,0.0,0.862774806221169,-1.0259905741780175,-0.5441413198484865,-0.44778651096455097
Villa,1,9,6,1.31,6.17,24,0.58,1.6,8.37,30.6,Sunday,Spring/Autumn,1,10.04,2,3,0,-1.529375364391619,2.5741340575830804,-0.9223170201922729,-0.7342552492503023,-0.11275958866074708,0.0,0.0706581824352438,0.3485048306822814,1.3727824179314057,0.43030572099296716
Apartment,4,4,10,8.91,10.38,24,1.19,1.52,7.92,35.1,Saturday,Summer,1,23.58,0,2,1,-0.028478554847755435,-0.10983632648654133,0.3873630740184915,1.518033495143531,1.0148362979467256,0.0,0.9823395796228178,0.19787519727293343,1.0813582010391927,0.8254472253738503
Apartment,2,2,14,6.39,7.31,24,1.14,0.79,5.43,35.4,Thursday,Summer,0,14.9,0,4,1,-1.0290764278769977,-1.18342448011439,1.697043168229256,0.7712219641076811,0.1925751644823689,0.0,0.907611596246787,-1.1766202075873653,-0.531189132431055,0.8517899923325756
Apartment,7,3,9,2.14,4.98,24,0.0,0.02,5.77,28.2,Sunday,Spring/Autumn,1,9.74,0,3,0,1.4724182546961082,-0.6466304033004656,0.05994305046580039,-0.48828161005992304,-0.43148621694171896,0.0,-0.7961864247267118,-2.6264304291523377,-0.3110019463347161,0.2195635853231626
Apartment,2,2,9,0.24,6.93,24,0.73,0.92,8.16,19.8,Tuesday,Spring/Autumn,0,5.71,0,5,0,-1.0290764278769977,-1.18342448011439,0.05994305046580039,-1.0513537961583814,0.09079691343466356,0.0,0.2948421325633358,-0.931847053297175,1.2367844500483733,-0.5180338895211525
Apartment,4,3,14,1.85,3.68,24,0.97,0.46,6.85,18.9,Thursday,Spring/Autumn,0,7.64,0,4,0,-0.028478554847755435,-0.6466304033004656,1.697043168229256,-0.5742242068854773,-0.7796749705259741,0.0,0.653536452768283,-1.7979674454009251,0.38841617420659613,-0.5970621903973293
Independent House,1,6,7,6.37,9.82,24,0.0,0.86,5.88,27.7,Thursday,Summer,0,15.99,1,4,1,-1.529375364391619,0.9637518271413074,-0.5948969966395818,0.7652948884645395,0.8648472964027386,0.0,-0.7961864247267118,-1.044819278354186,-0.23976491553884152,0.17565897372528672
Apartment,5,3,11,6.58,12.41,24,1.0,0.54,7.26,32.1,Tuesday,Summer,0,16.91,0,5,1,0.47182038166686574,-0.6466304033004656,0.7147830975711826,0.827529182717527,1.5585464285436776,0.0,0.6983732427939013,-1.6473378119915771,0.6539360162639463,0.5620195557865949
Apartment,4,3,6,0.66,1.31,24,0.0,1.51,6.46,13.2,Tuesday,Winter,0,6.74,0,5,2,-0.028478554847755435,-0.6466304033004656,-0.9223170201922729,-0.9268852076524063,-1.414449852060347,0.0,-0.7961864247267118,0.17904649309676496,0.13584851956667807,-1.0975747626131145
Apartment,1,3,4,7.79,11.04,24,1.2,0.66,7.36,35.9,Friday,Summer,0,17.05,0,0,1,-1.529375364391619,-0.6466304033004656,-1.5771570672976551,1.186117259127598,1.191609049766424,0.0,0.9972851762980239,-1.4213933618775554,0.7186969533511052,0.8956946039304515
Apartment,6,2,10,4.49,4.56,24,0.0,1.67,5.33,32.5,Tuesday,Summer,0,13.9,0,5,1,0.9721193181814869,-1.18342448011439,0.3873630740184915,0.20814977800922282,-0.5439779680997093,0.0,-0.7961864247267118,0.4803057599154604,-0.5959500695182134,0.5971432450648955
Independent House,4,4,11,2.06,7.03,24,1.39,2.0,7.12,23.6,Monday,Spring/Autumn,0,10.84,1,1,0,-0.028478554847755435,-0.10983632648654133,0.7147830975711826,-0.5119899126324897,0.11758066371037565,0.0,1.2812515131269404,1.1016529977290201,0.5632707043419245,-0.18435884137729552
Apartment,1,4,8,3.22,5.44,24,3.0,1.26,8.24,19.0,Saturday,Spring/Autumn,1,11.61,0,2,0,-1.529375364391619,-0.10983632648654133,-0.2674769730868907,-0.168219525330273,-0.3082809656734441,0.0,3.687492577835128,-0.29167111130744694,1.2885931997181002,-0.588281268077754
Apartment,7,2,13,10.49,9.44,24,0.58,1.41,4.6,38.4,Friday,Summer,0,22.66,0,0,1,1.4724182546961082,-1.18342448011439,1.3696231446765648,1.9862724709517228,0.7630690453550331,0.0,0.0706581824352438,-0.009240548664919971,-1.068704910254471,1.115217661919831
Villa,4,9,10,3.03,6.97,24,0.57,1.74,6.39,18.2,Sunday,Spring/Autumn,1,14.06,2,3,0,-0.028478554847755435,2.5741340575830804,0.3873630740184915,-0.22452674394011896,0.10151041354494834,0.0,0.05571258576003765,0.6121066891486399,0.0905158636056669,-0.6585286466343555
Independent House,6,6,6,2.33,8.44,24,1.01,1.34,4.02,19.6,Sunday,Spring/Autumn,1,12.91,1,3,0,0.9721193181814869,0.9637518271413074,-0.9223170201922729,-0.4319743914500772,0.4952315425979137,0.0,0.7133188394691075,-0.14104147789809898,-1.4443183453599906,-0.5355957341603028
Independent House,6,6,12,2.56,6.82,24,0.0,1.91,8.03,18.3,Thursday,Spring/Autumn,0,12.15,1,4,0,0.9721193181814869,0.9637518271413074,1.0422031211238738,-0.36381302155394807,0.06133478813138059,0.0,-0.7961864247267118,0.9321946601435038,1.1525952318350667,-0.6497477243147802
Independent House,2,3,4,3.92,7.56,24,0.0,0.94,9.13,33.4,Monday,Summer,0,10.55,1,1,1,-1.0290764278769977,-0.6466304033004656,-1.5771570672976551,0.03922812217968525,0.25953454017164873,0.0,-0.7961864247267118,-0.8941896449448382,1.8649655397938116,0.676171545941072
Apartment,5,2,6,1.02,6.53,24,0.0,1.22,6.1,28.6,Friday,Spring/Autumn,0,7.05,0,0,0,0.47182038166686574,-1.18342448011439,-0.9223170201922729,-0.8201978460758564,-0.016338087668184027,0.0,-0.7961864247267118,-0.3669859280121209,-0.09729085394709289,0.2546872746014635
Villa,7,6,8,2.3,1.0,24,1.38,2.07,4.45,8.5,Wednesday,Winter,0,10.76,2,6,2,1.4724182546961082,0.9637518271413074,-0.2674769730868907,-0.4408650049147898,-1.497479477915054,0.0,1.2663059164517343,1.2334539269621991,-1.1658463158852084,-1.510278111633148
Apartment,6,3,11,8.01,9.21,24,1.16,1.18,4.62,35.1,Monday,Summer,1,21.82,0,1,1,0.9721193181814869,-0.6466304033004656,0.7147830975711826,1.251315091202156,0.701466419720896,0.0,0.9375027895971993,-0.44230074471679487,-1.055752722837039,0.8254472253738503
Apartment,3,4,12,0.48,0.74,24,1.11,1.7,4.75,5.1,Sunday,Winter,1,7.08,0,3,2,-0.5287774913623766,-0.10983632648654133,1.0422031211238738,-0.9802288884406815,-1.567117228631905,0.0,0.862774806221169,0.5367918724439659,-0.971563504623733,-1.8088294704987045
Apartment,4,3,11,5.91,8.47,24,0.0,1.16,5.29,42.4,Friday,Summer,0,14.39,0,0,1,-0.028478554847755435,-0.6466304033004656,0.7147830975711826,0.6289721486722811,0.5032666676806276,0.0,-0.7961864247267118,-0.47995815306913187,-0.6218544443530768,1.4664545547028383
Apartment,7,4,12,0.83,2.29,24,1.0,1.22,5.74,14.3,Wednesday,Winter,0,7.53,0,6,2,1.4724182546961082,-0.10983632648654133,1.0422031211238738,-0.8765050646857022,-1.15196909935837,0.0,0.6983732427939013,-0.3669859280121209,-0.33043022746086326,-1.0009846170977874
Apartment,4,3,14,2.99,7.58,24,0.0,1.53,6.96,23.9,Thursday,Spring/Autumn,0,11.83,0,4,0,-0.028478554847755435,-0.6466304033004656,1.697043168229256,-0.23638089522640218,0.26489129022679125,0.0,-0.7961864247267118,0.21670390144910193,0.45965320500247075,-0.15801607441857024
Apartment,5,4,12,1.88,1.98,24,0.0,1.36,7.79,13.2,Sunday,Winter,1,10.56,0,3,2,0.47182038166686574,-0.10983632648654133,1.0422031211238738,-0.5653335934207647,-1.234998725213077,0.0,-0.7961864247267118,-0.10338406954576201,0.9971689828258866,-1.0975747626131145
Independent House,7,4,12,10.23,7.22,24,1.0,1.29,5.76,37.9,Saturday,Summer,1,28.87,1,2,1,1.4724182546961082,-0.10983632648654133,1.0422031211238738,1.9092204875908811,0.16846978923422817,0.0,0.6983732427939013,-0.23518499877894145,-0.31747804004343183,1.0713130503219552
Villa,6,7,12,1.04,3.07,24,1.71,2.9,6.7,14.9,Sunday,Winter,1,12.67,2,3,2,0.9721193181814869,1.5005459039552316,1.0422031211238738,-0.8142707704327148,-0.9430558472078171,0.0,1.7595106067335367,2.7962363735841826,0.2912747685758587,-0.9482990831803364
Villa,2,7,14,2.04,0.0,24,0.73,1.42,10.03,18.9,Sunday,Winter,1,10.04,2,3,2,-1.0290764278769977,1.5005459039552316,1.697043168229256,-0.5179169882756314,-1.7653169806721734,0.0,0.2948421325633358,0.009588155511248522,2.4478139735782376,-0.5970621903973293
Apartment,7,4,7,9.0,11.96,24,0.0,0.64,7.95,37.2,Sunday,Summer,1,32.35,0,3,1,1.4724182546961082,-0.10983632648654133,-0.5948969966395818,1.5447053355376685,1.4380195523029742,0.0,-0.7961864247267118,-1.4590507702298925,1.1007864821653404,1.0098465940849293
Independent House,1,3,10,1.59,7.13,24,1.86,0.53,7.65,25.7,Monday,Spring/Autumn,0,8.46,1,1,0,-1.529375364391619,-0.6466304033004656,0.3873630740184915,-0.6512761902463188,0.1443644139860875,0.0,1.9836945568616289,-1.6661665161677457,0.906503670903865,4.0527333783088164e-05
Apartment,5,4,4,0.57,5.16,24,0.0,1.7,3.1,14.2,Wednesday,Winter,0,6.43,0,6,2,0.47182038166686574,-0.10983632648654133,-1.5771570672976551,-0.953557048046544,-0.38327546644543753,0.0,-0.7961864247267118,0.5367918724439659,-2.040118966561849,-1.0097655394173628
Apartment,5,4,4,3.0,3.58,24,0.62,1.82,3.86,26.9,Friday,Spring/Autumn,0,10.28,0,0,0,0.47182038166686574,-0.10983632648654133,-1.5771570672976551,-0.2334173574048314,-0.8064587208016861,0.0,0.13044056913606838,0.7627363225579877,-1.547935844699444,0.1054115951686852
Independent House,1,3,10,7.9,11.27,24,0.0,1.11,5.93,38.4,Saturday,Summer,1,19.25,1,2,1,-1.529375364391619,-0.6466304033004656,0.3873630740184915,1.218716175164877,1.2532116754005616,0.0,-0.7961864247267118,-0.5741016739499739,-0.20738444699526237,1.115217661919831
Apartment,5,4,4,1.77,6.69,24,0.89,2.02,5.02,26.2,Tuesday,Spring/Autumn,0,10.47,0,5,0,0.47182038166686574,-0.10983632648654133,-1.5771570672976551,-0.5979325094580439,0.026515912772955105,0.0,0.5339716793666339,1.1393104060813573,-0.7967089744884052,0.043945138931658995
Independent House,7,6,6,0.0,0.81,24,0.0,1.32,3.85,6.3,Tuesday,Winter,0,6.56,1,5,2,1.4724182546961082,0.9637518271413074,-0.9223170201922729,-1.1224787038760815,-1.5483686034389066,0.0,-0.7961864247267118,-0.17869888625043598,-1.5544119384081598,-1.703458402663802
Apartment,7,4,4,0.0,1.85,24,0.0,1.59,7.63,9.0,Saturday,Winter,1,6.99,0,2,2,1.4724182546961082,-0.10983632648654133,-1.5771570672976551,-1.1224787038760815,-1.2698176005715027,0.0,-0.7961864247267118,0.3296761265061129,0.8935514834864329,-1.4663735000352722
Apartment,7,4,13,0.0,4.08,24,0.63,1.47,6.04,12.2,Friday,Winter,0,6.95,0,0,2,1.4724182546961082,-0.10983632648654133,1.3696231446765648,-1.1224787038760815,-0.6725399694231264,0.0,0.14538616581127453,0.10373167639209098,-0.13614741619938775,-1.1853839858088664
Apartment,5,3,8,3.29,5.37,24,0.0,1.17,5.87,19.9,Tuesday,Spring/Autumn,0,10.55,0,5,0,0.47182038166686574,-0.6466304033004656,-0.2674769730868907,-0.14747476057927722,-0.3270295908664425,0.0,-0.7961864247267118,-0.46112944889296337,-0.24624100924755724,-0.5092529672015775
Apartment,7,4,8,8.24,10.42,24,0.0,1.12,8.14,41.8,Saturday,Summer,1,23.92,0,2,1,1.4724182546961082,-0.10983632648654133,-0.2674769730868907,1.3194764610982852,1.02554979805701,0.0,-0.7961864247267118,-0.5552729697738054,1.223832262630942,1.413769020785387
Apartment,1,4,8,1.94,5.9,24,0.65,1.52,7.44,27.8,Thursday,Spring/Autumn,0,8.09,0,4,0,-1.529375364391619,-0.10983632648654133,-0.2674769730868907,-0.5475523664913398,-0.18507571440516918,0.0,0.1752773591616868,0.19787519727293343,0.770505703020832,0.18443989604486202
Apartment,5,3,12,0.33,2.13,24,0.0,1.29,6.26,12.6,Thursday,Winter,0,5.98,0,4,2,0.47182038166686574,-0.6466304033004656,1.0422031211238738,-1.024681955764244,-1.1948230997995093,0.0,-0.7961864247267118,-0.23518499877894145,0.006326645392360861,-1.1502602965305657
Apartment,2,3,10,10.82,12.21,24,0.0,2.16,7.6,35.7,Tuesday,Summer,0,20.79,0,5,1,-1.0290764278769977,-0.6466304033004656,0.3873630740184915,2.08406921906356,1.504978927992254,0.0,-0.7961864247267118,1.4029122645477161,0.8741232023602852,0.8781327592913015
Independent House,2,3,9,2.12,8.12,24,2.23,1.42,6.37,17.7,Tuesday,Spring/Autumn,0,10.45,1,5,0,-1.0290764278769977,-0.6466304033004656,0.05994305046580039,-0.4942086857030647,0.40952354171563543,0.0,2.5366816338442555,0.009588155511248522,0.07756367618823547,-0.7024332582322315
Independent House,1,5,9,0.99,5.95,24,0.86,2.09,8.22,21.8,Thursday,Spring/Autumn,0,7.27,1,4,0,-1.529375364391619,0.426957750327383,0.05994305046580039,-0.829088459540569,-0.17168383926731326,0.0,0.4891348893410155,1.2711113353145362,1.2756410123006687,-0.34241544312964883
Independent House,3,4,9,3.07,14.11,24,0.0,0.85,6.13,33.8,Tuesday,Summer,0,11.34,1,5,1,-0.5287774913623766,-0.10983632648654133,0.05994305046580039,-0.21267259265383562,2.01387018323078,0.0,-0.7961864247267118,-1.0636479825303544,-0.07786257282094516,0.7112952352193725
Apartment,3,3,6,2.63,5.13,24,2.37,1.68,7.4,23.1,Wednesday,Spring/Autumn,0,12.29,0,6,0,-0.5287774913623766,-0.6466304033004656,-0.9223170201922729,-0.3430682568029523,-0.3913105915281512,0.0,2.7459199872971416,0.49913446409162887,0.7446013281859686,-0.22826345297517145
Apartment,7,4,8,0.87,2.27,24,1.0,1.57,4.2,11.0,Friday,Winter,0,8.72,0,0,2,1.4724182546961082,-0.10983632648654133,-0.2674769730868907,-0.8646509133994189,-1.1573258494135126,0.0,0.6983732427939013,0.2920187181537759,-1.3277486586031049,-1.2907550536437684
Apartment,6,2,6,4.75,11.23,24,0.0,0.77,5.68,39.7,Tuesday,Summer,0,13.7,0,5,1,0.9721193181814869,-1.18342448011439,-0.9223170201922729,0.2852017613700644,1.2424981752902768,0.0,-0.7961864247267118,-1.2142776159397022,-0.3692867897131587,1.2293696520743087
Apartment,4,3,14,9.8,4.44,24,0.0,0.78,3.69,38.2,Friday,Summer,0,21.9,0,0,1,-0.028478554847755435,-0.6466304033004656,1.697043168229256,1.7817883612633354,-0.5761184684305634,0.0,-0.7961864247267118,-1.1954489117635336,-1.6580294377476135,1.0976558172806812
Apartment,4,2,5,6.52,9.51,24,0.97,1.55,6.21,37.7,Monday,Summer,0,17.87,0,1,1,-0.028478554847755435,-1.18342448011439,-1.249737043744964,0.8097479557881019,0.7818176705480315,0.0,0.653536452768283,0.2543613098014389,-0.02605382315121829,1.0537512056828051
Apartment,1,3,7,0.0,3.86,24,0.0,0.87,5.62,21.4,Thursday,Spring/Autumn,0,4.65,0,4,0,-1.529375364391619,-0.6466304033004656,-0.5948969966395818,-1.1224787038760815,-0.7314642200296928,0.0,-0.7961864247267118,-1.0259905741780175,-0.4081433519654536,-0.3775391324079498
Apartment,1,4,8,0.0,3.71,24,0.61,0.76,3.18,9.9,Saturday,Winter,1,4.77,0,2,2,-1.529375364391619,-0.10983632648654133,-0.2674769730868907,-1.1224787038760815,-0.7716398454432607,0.0,0.11549497246086222,-1.2331063201158707,-1.9883102168921218,-1.3873451991590955
Apartment,2,2,13,7.21,15.36,24,1.65,0.96,7.17,31.2,Saturday,Summer,1,17.57,0,2,1,-1.0290764278769977,-1.18342448011439,1.3696231446765648,1.0142320654764894,2.3486670616771796,0.0,1.6698370266822997,-0.8565322365925012,0.5956511728855036,0.48299125491041806
Independent House,1,5,5,11.36,12.93,24,0.0,1.22,4.75,43.5,Sunday,Summer,1,21.86,1,3,1,-1.529375364391619,0.426957750327383,-1.249737043744964,2.244100261428385,1.6978219299773796,0.0,-0.7961864247267118,-0.3669859280121209,-0.971563504623733,1.5630447002181653
Apartment,5,2,13,0.0,0.0,24,0.0,1.56,3.95,12.0,Wednesday,Winter,0,5.59,0,6,2,0.47182038166686574,-1.18342448011439,1.3696231446765648,-1.1224787038760815,-1.7653169806721734,0.0,-0.7961864247267118,0.2731900139776074,-1.4896510013210011,-1.2029458304480167
Apartment,2,3,13,0.0,0.38,24,1.62,1.76,6.61,11.9,Monday,Winter,0,6.49,0,1,2,-1.0290764278769977,-0.6466304033004656,1.3696231446765648,-1.1224787038760815,-1.6635387296244681,0.0,1.6250002366566816,0.6497640975009769,0.2329899251974161,-1.211726752767592
Villa,6,8,7,0.5,0.46,24,0.0,1.53,6.55,10.5,Wednesday,Winter,0,7.75,2,6,2,0.9721193181814869,2.037339980769156,-0.5948969966395818,-0.9743018127975398,-1.6421117294038985,0.0,-0.7961864247267118,0.21670390144910193,0.19413336294512065,-1.3346596652416445
Apartment,5,4,5,2.98,4.26,24,0.0,1.36,5.55,23.3,Saturday,Spring/Autumn,1,11.58,0,2,0,0.47182038166686574,-0.10983632648654133,-1.249737043744964,-0.23934443304797307,-0.624329218926845,0.0,-0.7961864247267118,-0.10338406954576201,-0.45347600792646475,-0.21070160833602114
Independent House,1,6,4,0.22,3.3,24,0.94,1.98,7.09,8.3,Thursday,Winter,0,6.7,1,4,2,-1.529375364391619,0.9637518271413074,-1.5771570672976551,-1.057280871801523,-0.8814532215736796,0.0,0.6086996627426645,1.0639955893766833,0.5438424232157768,-1.5278399562722984
Villa,2,9,5,7.03,9.63,24,0.61,1.1,9.63,37.8,Sunday,Summer,1,19.63,2,3,1,-1.0290764278769977,2.5741340575830804,-1.249737043744964,0.9608883846882146,0.8139581708788861,0.0,0.11549497246086222,-0.5929303781261424,2.188770225229604,1.0625321280023798
Villa,6,5,10,1.35,5.09,24,0.0,2.25,6.6,12.6,Saturday,Spring/Autumn,1,9.44,2,2,0,0.9721193181814869,0.426957750327383,0.3873630740184915,-0.7224010979640189,-0.402024091638436,0.0,-0.7961864247267118,1.572370602133232,0.2265138314886998,-1.1502602965305657
Independent House,3,6,8,0.0,5.16,24,0.0,1.36,6.24,34.1,Thursday,Spring/Autumn,0,6.12,1,4,0,-0.5287774913623766,0.9637518271413074,-0.2674769730868907,-1.1224787038760815,-0.38327546644543753,0.0,-0.7961864247267118,-0.10338406954576201,-0.00662554202507057,0.7376380021780985
Apartment,5,3,7,0.15,2.33,24,0.0,1.76,9.76,8.9,Monday,Winter,0,6.49,0,1,2,0.47182038166686574,-0.6466304033004656,-0.5948969966395818,-1.078025636552519,-1.1412555992480853,0.0,-0.7961864247267118,0.6497640975009769,2.2729594434429097,-1.4751544223548472
Apartment,3,4,13,9.28,8.83,24,1.75,1.9,5.89,37.5,Sunday,Summer,1,24.73,0,3,1,-0.5287774913623766,-0.10983632648654133,1.3696231446765648,1.6276843945416517,0.5996881686731904,0.0,1.8192929934343611,0.9133659559673353,-0.2332888218301258,1.0361893610436546
Independent House,4,6,10,0.96,5.04,24,0.0,0.92,5.57,5.6,Wednesday,Winter,0,7.94,1,6,2,-0.028478554847755435,0.9637518271413074,0.3873630740184915,-0.8379790730052814,-0.4154159667762919,0.0,-0.7961864247267118,-0.931847053297175,-0.4405238205090327,-1.7649248589008284
Independent House,1,6,7,0.09,8.1,24,1.98,1.84,7.42,26.9,Friday,Spring/Autumn,0,7.2,1,0,0,-1.529375364391619,0.9637518271413074,-0.5948969966395818,-1.095806863481944,0.4041667916604932,0.0,2.163041716964102,0.8003937309103247,0.7575535156034,0.1054115951686852
Independent House,3,6,9,3.27,6.35,24,0.0,0.99,4.8,24.9,Monday,Spring/Autumn,0,10.47,1,1,0,-0.5287774913623766,0.9637518271413074,0.05994305046580039,-0.1534018362224189,-0.06454883816446567,0.0,-0.7961864247267118,-0.8000461240639958,-0.9391830360801537,-0.07020685122281843
Apartment,6,2,4,2.77,7.45,24,0.0,1.46,5.87,27.8,Wednesday,Spring/Autumn,0,11.15,0,6,0,0.9721193181814869,-1.18342448011439,-1.5771570672976551,-0.3015787273009606,0.23007241486836574,0.0,-0.7961864247267118,0.0849029722159225,-0.24624100924755724,0.18443989604486202
Apartment,5,3,4,1.45,2.34,24,0.0,1.55,7.27,5.9,Friday,Winter,0,8.24,0,0,2,0.47182038166686574,-0.6466304033004656,-1.5771570672976551,-0.6927657197483107,-1.138577224220514,0.0,-0.7961864247267118,0.2543613098014389,0.660412109972662,-1.7385820919421027
Apartment,5,3,5,0.0,0.68,24,2.31,0.61,7.42,11.7,Saturday,Winter,1,6.77,0,2,2,0.47182038166686574,-0.6466304033004656,-1.249737043744964,-1.1224787038760815,-1.5831874787973323,0.0,2.6562464072459044,-1.515536882758398,0.7575535156034,-1.2292885974067422
Apartment,6,4,8,3.75,8.89,24,1.01,1.42,5.59,46.2,Friday,Summer,0,13.72,0,0,1,0.9721193181814869,-0.10983632648654133,-0.2674769730868907,-0.011152020787018897,0.6157584188386177,0.0,0.7133188394691075,0.009588155511248522,-0.4275716330916013,1.8001296028466955
Independent House,4,4,12,6.3,9.96,24,0.66,1.25,7.18,37.1,Friday,Summer,0,16.97,1,0,1,-0.028478554847755435,-0.10983632648654133,1.0422031211238738,0.7445501237135436,0.9023445467887354,0.0,0.19022295583689294,-0.31049981548361544,0.6021272665942193,1.0010656717653539
Independent House,1,4,11,11.19,7.98,24,0.0,1.35,6.44,29.6,Sunday,Summer,1,23.94,1,3,1,-1.529375364391619,-0.10983632648654133,0.7147830975711826,2.193720118461681,0.37202629132963905,0.0,-0.7961864247267118,-0.1222127737219305,0.12289633214924663,0.34249649779721536
Apartment,7,3,6,4.52,4.71,24,1.58,1.51,4.29,26.1,Monday,Spring/Autumn,0,15.79,0,1,0,1.4724182546961082,-0.6466304033004656,-0.9223170201922729,0.21704039147393514,-0.5038023426861413,0.0,1.565217849955857,0.17904649309676496,-1.2694638152246622,0.035164216612084
Apartment,2,3,12,6.12,9.96,24,0.0,1.2,8.62,42.6,Thursday,Summer,0,15.11,0,4,1,-1.0290764278769977,-0.6466304033004656,1.0422031211238738,0.6912064429252687,0.9023445467887354,0.0,-0.7961864247267118,-0.4046433363644579,1.534684760649302,1.484016399341989
Apartment,6,2,14,0.11,1.34,24,0.0,1.39,8.16,16.9,Saturday,Winter,1,6.79,0,2,2,0.9721193181814869,-1.18342448011439,1.697043168229256,-1.0898797878388022,-1.4064147269776335,0.0,-0.7961864247267118,-0.04689795701725696,1.2367844500483733,-0.7726806367888329
Villa,7,8,6,4.2,11.61,24,1.56,2.37,8.66,43.2,Tuesday,Summer,0,17.23,2,5,1,1.4724182546961082,2.037339980769156,-0.9223170201922729,0.12220718118366866,1.344276426337982,0.0,1.5353266566054449,1.798315052247254,1.5605891354841661,1.53670193325944
Apartment,2,4,8,0.82,2.27,24,0.0,1.35,5.92,15.0,Saturday,Winter,1,6.85,0,2,2,-1.0290764278769977,-0.10983632648654133,-0.2674769730868907,-0.8794686025072731,-1.1573258494135126,0.0,-0.7961864247267118,-0.1222127737219305,-0.21386054070397809,-0.9395181608607612
Apartment,7,4,4,3.09,4.27,24,0.0,2.25,7.25,30.7,Friday,Spring/Autumn,0,12.64,0,0,0,1.4724182546961082,-0.10983632648654133,-1.5771570672976551,-0.20674551701069394,-0.6216508438992739,0.0,-0.7961864247267118,1.572370602133232,0.6474599225552305,0.43908664331254216
Apartment,6,3,7,3.46,5.25,24,0.56,1.89,5.82,26.1,Sunday,Spring/Autumn,1,13.44,0,3,0,0.9721193181814869,-0.6466304033004656,-0.5948969966395818,-0.09709461761257307,-0.35917009119729687,0.0,0.04076698908483167,0.8945372517911668,-0.2786214777911364,0.035164216612084
Independent House,6,3,10,7.43,11.02,24,1.1,3.26,6.87,41.1,Monday,Summer,0,21.53,1,1,1,0.9721193181814869,-0.6466304033004656,0.3873630740184915,1.0794298975510477,1.1862522997112817,0.0,0.8478292095459629,3.4740697239262475,0.40136836162402817,1.3523025645483613
Villa,5,5,8,1.75,6.14,24,0.0,2.08,9.08,23.6,Sunday,Spring/Autumn,1,11.12,2,3,0,0.47182038166686574,0.426957750327383,-0.2674769730868907,-0.6038595851011855,-0.12079471374346072,0.0,-0.7961864247267118,1.2522826311383681,1.8325850712502318,-0.18435884137729552
Villa,4,9,9,0.0,3.33,24,0.98,2.29,7.09,8.9,Monday,Winter,0,8.0,2,1,2,-0.028478554847755435,2.5741340575830804,0.05994305046580039,-1.1224787038760815,-0.8734180964909659,0.0,0.6684820494434891,1.647685418837906,0.5438424232157768,-1.4751544223548472
Apartment,1,4,9,2.39,8.21,24,0.0,1.64,8.56,17.8,Wednesday,Spring/Autumn,0,8.56,0,6,0,-1.529375364391619,-0.10983632648654133,0.05994305046580039,-0.4141931645206522,0.43362891696377664,0.0,-0.7961864247267118,0.42381964738695493,1.4958281983970076,-0.6936523359126561
Apartment,7,2,8,4.96,10.25,24,0.67,0.58,4.88,32.6,Monday,Summer,0,14.59,0,1,1,1.4724182546961082,-1.18342448011439,-0.2674769730868907,0.3474360556230519,0.9800174225882998,0.0,0.2051685525120991,-1.5720229952869034,-0.8873742864104269,0.6059241673844707
Villa,7,6,5,6.01,12.11,24,0.96,1.51,7.77,42.8,Thursday,Summer,0,17.59,2,4,1,1.4724182546961082,0.9637518271413074,-1.249737043744964,0.6586075268879894,1.4781951777165416,0.0,0.6385908560930768,0.17904649309676496,0.9842167954084546,1.501578243981139
Independent House,7,6,7,0.0,6.58,24,0.0,1.62,6.27,18.7,Thursday,Spring/Autumn,0,7.8,1,4,0,1.4724182546961082,0.9637518271413074,-0.5948969966395818,-1.1224787038760815,-0.002946212530328107,0.0,-0.7961864247267118,0.3861622390346184,0.012802739101076578,-0.6146240350364796
Apartment,3,3,9,2.96,3.95,24,0.71,1.58,5.05,22.9,Sunday,Spring/Autumn,1,11.24,0,3,0,-0.5287774913623766,-0.6466304033004656,0.05994305046580039,-0.24527150869111475,-0.707358844781552,0.0,0.2649509392129235,0.3108474223299444,-0.7772806933622575,-0.24582529761432206
Apartment,1,4,14,1.2,8.44,24,0.0,0.96,5.37,26.0,Saturday,Spring/Autumn,1,8.2,0,2,0,-1.529375364391619,-0.10983632648654133,1.697043168229256,-0.7668541652875815,0.4952315425979137,0.0,-0.7961864247267118,-0.8565322365925012,-0.57004569468335,0.026383294292508696
Apartment,1,2,4,3.62,6.08,24,0.0,1.75,2.62,17.7,Thursday,Spring/Autumn,0,9.38,0,4,0,-1.529375364391619,-1.18342448011439,-1.5771570672976551,-0.0496780124674397,-0.13686496390888778,0.0,-0.7961864247267118,0.6309353933248083,-2.35097146458021,-0.7024332582322315
Independent House,4,6,14,0.77,5.98,24,1.07,0.86,8.76,22.5,Tuesday,Spring/Autumn,0,7.66,1,5,0,-0.028478554847755435,0.9637518271413074,1.697043168229256,-0.8942862916151273,-0.16364871418459961,0.0,0.8029924195203444,-1.044819278354186,1.6253500725713244,-0.28094898689262265
Villa,1,6,8,5.03,8.88,24,0.0,2.0,10.1,37.3,Sunday,Summer,1,14.14,2,3,1,-1.529375364391619,0.9637518271413074,-0.2674769730868907,0.36818082037404787,0.6130800438110465,0.0,-0.7961864247267118,1.1016529977290201,2.4931466295392486,1.018627516404504
Apartment,6,3,11,11.37,9.51,24,0.0,1.67,6.3,36.3,Wednesday,Summer,0,27.23,0,6,1,0.9721193181814869,-0.6466304033004656,0.7147830975711826,2.247063799249956,0.7818176705480315,0.0,-0.7961864247267118,0.4803057599154604,0.0322310202272243,0.9308182932087521
Independent House,7,4,12,3.3,8.62,24,1.85,1.43,9.57,18.7,Monday,Spring/Autumn,0,14.31,1,1,0,1.4724182546961082,-0.10983632648654133,1.0422031211238738,-0.14451122275770645,0.5434422930941951,0.0,1.9687489601864225,0.02841685968741701,2.149913662977309,-0.6146240350364796
Apartment,2,3,5,2.96,1.71,24,0.0,1.45,9.14,12.2,Wednesday,Winter,0,9.89,0,6,2,-1.0290764278769977,-0.6466304033004656,-1.249737043744964,-0.24527150869111475,-1.3073148509574992,0.0,-0.7961864247267118,0.066074268039754,1.8714416335025272,-1.1853839858088664
Apartment,5,3,13,8.27,8.59,24,1.74,1.28,7.84,38.6,Wednesday,Summer,0,22.34,0,6,1,0.47182038166686574,-0.6466304033004656,1.3696231446765648,1.3283670745629976,0.5354071680114817,0.0,1.804347396759155,-0.25401370295510994,1.0295494513694659,1.1327795065589816
Apartment,6,2,7,5.88,8.4,24,1.43,0.53,6.46,32.6,Thursday,Summer,0,16.46,0,4,1,0.9721193181814869,-1.18342448011439,-0.5948969966395818,0.6200815352075686,0.48451804248762914,0.0,1.3410338998277649,-1.6661665161677457,0.13584851956667807,0.6059241673844707
Villa,3,5,12,9.57,7.92,24,0.0,2.24,6.39,34.6,Friday,Summer,0,23.24,2,0,1,-0.5287774913623766,0.426957750327383,1.0422031211238738,1.7136269913672062,0.35595604116421176,0.0,-0.7961864247267118,1.553541897957064,0.0905158636056669,0.7815426137759744
Apartment,3,3,6,1.2,4.18,24,1.09,1.24,7.73,5.0,Tuesday,Winter,0,8.28,0,5,2,-0.5287774913623766,-0.6466304033004656,-0.9223170201922729,-0.7668541652875815,-0.6457562191474147,0.0,0.8328836128707566,-0.32932851965978394,0.9583124205735918,-1.8176103928182794
Independent House,4,3,8,0.0,9.58,24,0.86,1.37,2.95,31.3,Monday,Spring/Autumn,0,6.26,1,1,0,-0.028478554847755435,-0.6466304033004656,-0.2674769730868907,-1.1224787038760815,0.8005662957410299,0.0,0.4891348893410155,-0.08455536536959352,-2.1372603721925865,0.4917721772299934
Apartment,4,4,9,0.58,1.35,24,0.0,2.04,7.48,12.1,Wednesday,Winter,0,7.05,0,6,2,-0.028478554847755435,-0.10983632648654133,0.05994305046580039,-0.9505935102249731,-1.4037363519500623,0.0,-0.7961864247267118,1.1769678144336941,0.7964100778556954,-1.1941649081284416
Villa,5,5,14,7.69,12.65,24,2.22,0.93,5.54,42.8,Friday,Summer,0,18.88,2,0,1,0.47182038166686574,0.426957750327383,1.697043168229256,1.1564818809118895,1.6228274292053864,0.0,2.52173603716905,-0.9130183491210065,-0.45995210163518047,1.501578243981139
Apartment,1,2,6,2.05,7.3,24,0.0,0.38,5.33,20.6,Tuesday,Spring/Autumn,0,6.74,0,5,0,-1.529375364391619,-1.18342448011439,-0.9223170201922729,-0.5149534504540606,0.18989678945479774,0.0,-0.7961864247267118,-1.9485970788102729,-0.5959500695182134,-0.44778651096455097
Independent House,6,6,10,0.0,1.7,24,1.34,2.63,5.14,9.7,Wednesday,Winter,0,8.4,1,6,2,0.9721193181814869,0.9637518271413074,0.3873630740184915,-1.1224787038760815,-1.3099932259850704,0.0,1.20652352975091,2.287861360827634,-0.7189958499838148,-1.4049070437982458
Apartment,5,4,6,8.04,7.73,24,1.13,0.99,6.67,40.0,Saturday,Summer,1,20.8,0,2,1,0.47182038166686574,-0.10983632648654133,-0.9223170201922729,1.2602057046668682,0.3050669156403592,0.0,0.8926659995715809,-0.8000461240639958,0.27184648744971096,1.255712419033034
Apartment,6,4,14,9.89,11.55,24,0.65,1.28,6.51,36.9,Saturday,Summer,1,25.23,0,2,1,0.9721193181814869,-0.10983632648654133,1.697043168229256,1.808460201657473,1.3282061761725552,0.0,0.1752773591616868,-0.25401370295510994,0.16822898811025722,0.9835038271262033
Villa,1,6,11,5.86,13.85,24,0.0,1.05,4.35,35.2,Monday,Summer,0,14.57,2,1,1,-1.529375364391619,0.9637518271413074,0.7147830975711826,0.614154459564427,1.9442324325139293,0.0,-0.7961864247267118,-0.6870738990069848,-1.2306072529723673,0.8342281476934257
Apartment,7,3,5,0.61,2.59,24,0.85,0.89,8.07,8.4,Tuesday,Winter,0,7.09,0,5,2,1.4724182546961082,-0.6466304033004656,-1.249737043744964,-0.9417028967602606,-1.0716178485312344,0.0,0.47418929266580934,-0.9883331658256805,1.1784996066699307,-1.519059033952723
Apartment,1,4,6,1.44,7.29,24,0.0,1.68,6.05,24.5,Saturday,Spring/Autumn,1,8.67,0,2,0,-1.529375364391619,-0.10983632648654133,-0.9223170201922729,-0.6957292575698815,0.18721841442722661,0.0,-0.7961864247267118,0.49913446409162887,-0.12967132249067204,-0.10533054050111902
Independent House,6,4,8,0.34,2.06,24,1.14,0.9,6.95,9.8,Friday,Winter,0,7.42,1,0,2,0.9721193181814869,-0.10983632648654133,-0.2674769730868907,-1.021718417942673,-1.2135717249925073,0.0,0.907611596246787,-0.969504461649512,0.45317711129375504,-1.3961261214786707
Apartment,1,4,4,1.75,6.0,24,0.0,1.48,8.22,20.8,Monday,Spring/Autumn,0,7.87,0,1,0,-1.529375364391619,-0.10983632648654133,-1.5771570672976551,-0.6038595851011855,-0.15829196412945734,0.0,-0.7961864247267118,0.12256038056825948,1.2756410123006687,-0.4302246663254007
Apartment,5,3,9,0.88,4.03,24,0.0,1.64,4.95,13.2,Sunday,Winter,1,7.62,0,3,2,0.47182038166686574,-0.6466304033004656,0.05994305046580039,-0.8616873755778481,-0.6859318445609823,0.0,-0.7961864247267118,0.42381964738695493,-0.8420416304494157,-1.0975747626131145
Independent House,7,5,8,1.46,4.44,24,1.06,2.08,6.32,15.9,Friday,Spring/Autumn,0,10.13,1,0,0,1.4724182546961082,0.426957750327383,-0.2674769730868907,-0.6898021819267398,-0.5761184684305634,0.0,0.7880468228451383,1.2522826311383681,0.045183207644656304,-0.8604898599845846
Independent House,5,3,13,0.62,2.76,24,1.17,1.72,6.4,25.7,Friday,Winter,0,7.82,1,0,2,0.47182038166686574,-0.6466304033004656,1.3696231446765648,-0.9387393589386898,-1.026085473062524,0.0,0.9524483862724055,0.5744492807963029,0.09699195731438319,4.0527333783088164e-05
Apartment,6,2,10,0.38,2.33,24,1.1,0.82,4.81,9.9,Monday,Winter,0,7.07,0,1,2,0.9721193181814869,-1.18342448011439,0.3873630740184915,-1.0098642666563897,-1.1412555992480853,0.0,0.8478292095459629,-1.1201340950588599,-0.932706942371438,-1.3873451991590955
Independent House,3,5,6,2.54,1.59,24,0.0,1.23,6.29,11.9,Monday,Winter,0,8.52,1,1,2,-0.5287774913623766,0.426957750327383,-0.9223170201922729,-0.3697400971970897,-1.3394553512883536,0.0,-0.7961864247267118,-0.34815722383595243,0.025754926518508584,-1.211726752767592
Villa,2,8,12,9.69,10.82,24,0.9,1.98,7.97,35.6,Sunday,Summer,1,22.81,2,3,1,-1.0290764278769977,2.037339980769156,1.0422031211238738,1.749189445226056,1.1326847991598579,0.0,0.54891727604184,1.0639955893766833,1.1137386695827718,0.8693518369717262
Apartment,5,2,10,3.32,5.16,24,0.72,0.86,6.79,25.7,Wednesday,Spring/Autumn,0,10.94,0,6,0,0.47182038166686574,-1.18342448011439,0.3873630740184915,-0.1385841471145648,-0.38327546644543753,0.0,0.2798965358881296,-1.044819278354186,0.3495596119543013,4.0527333783088164e-05
Apartment,5,3,9,0.0,0.86,24,0.0,1.39,5.59,15.8,Saturday,Winter,1,6.62,0,2,2,0.47182038166686574,-0.6466304033004656,0.05994305046580039,-1.1224787038760815,-1.5349767283010507,0.0,-0.7961864247267118,-0.04689795701725696,-0.4275716330916013,-0.8692707823041598
Independent House,7,3,8,5.12,8.96,24,0.0,1.52,6.81,35.3,Wednesday,Summer,0,15.26,1,6,1,1.4724182546961082,-0.6466304033004656,-0.2674769730868907,0.3948526607681853,0.6345070440316162,0.0,-0.7961864247267118,0.19787519727293343,0.3625117993717327,0.8430090700130003
Apartment,3,2,6,7.15,12.3,24,0.0,1.45,4.92,45.9,Thursday,Summer,0,15.61,0,4,1,-0.5287774913623766,-1.18342448011439,-0.9223170201922729,0.9964508385470645,1.5290843032403947,0.0,-0.7961864247267118,0.066074268039754,-0.8614699115755635,1.7737868358879696
Apartment,6,2,9,6.8,11.84,24,0.0,1.05,4.78,25.7,Thursday,Summer,0,17.31,0,4,1,0.9721193181814869,-1.18342448011439,0.05994305046580039,0.8927270147920853,1.4058790519721196,0.0,-0.7961864247267118,-0.6870738990069848,-0.9521352234975852,4.0527333783088164e-05
Independent House,3,5,8,5.63,7.34,24,0.84,1.36,6.67,40.6,Thursday,Summer,0,15.74,1,4,1,-0.5287774913623766,0.426957750327383,-0.2674769730868907,0.5459930896682977,0.20061028956508253,0.0,0.4592436959906032,-0.10338406954576201,0.27184648744971096,1.3083979529504852
Independent House,1,5,6,1.32,3.34,24,0.0,1.55,8.32,11.0,Monday,Winter,0,7.3,1,1,2,-1.529375364391619,0.426957750327383,-0.9223170201922729,-0.7312917114287315,-0.8707397214633948,0.0,-0.7961864247267118,0.2543613098014389,1.340401949387827,-1.2907550536437684
Apartment,4,4,6,1.33,10.85,24,0.68,1.11,4.17,16.1,Thursday,Spring/Autumn,0,7.82,0,4,0,-0.028478554847755435,-0.10983632648654133,-0.9223170201922729,-0.7283281736071605,1.1407199242425714,0.0,0.22011414918730524,-0.5741016739499739,-1.3471769397292526,-0.8429280153454342
Apartment,6,4,12,0.09,0.73,24,0.0,0.86,5.7,14.1,Friday,Winter,0,5.32,0,0,2,0.9721193181814869,-0.10983632648654133,1.0422031211238738,-1.095806863481944,-1.5697956036594762,0.0,-0.7961864247267118,-1.044819278354186,-0.3563346022957267,-1.018546461736938
Independent House,6,3,9,4.97,8.27,24,0.0,1.04,6.09,40.1,Sunday,Summer,1,14.57,1,3,1,0.9721193181814869,-0.6466304033004656,0.05994305046580039,0.3503995934446227,0.44969916712920344,0.0,-0.7961864247267118,-0.7059026031831533,-0.10376694765580861,1.2644933413526094
Apartment,3,3,7,0.06,2.97,24,1.91,2.08,5.0,10.9,Saturday,Winter,1,7.88,0,2,2,-0.5287774913623766,-0.6466304033004656,-0.5948969966395818,-1.1046974769466564,-0.9698395974835289,0.0,2.0584225402376592,1.2522826311383681,-0.8096611619058366,-1.2995359759633436
Villa,2,9,14,3.25,8.78,24,3.0,2.49,6.88,20.2,Saturday,Spring/Autumn,1,15.92,2,2,0,-1.0290764278769977,2.5741340575830804,1.697043168229256,-0.15932891186556056,0.5862962935353343,0.0,3.687492577835128,2.024259502361276,0.4078444553327439,-0.48291020024285186
Apartment,2,2,12,11.24,12.07,24,2.74,1.71,6.45,25.7,Saturday,Summer,1,24.4,0,2,1,-1.0290764278769977,-1.18342448011439,1.0422031211238738,2.2085378075695354,1.4674816776062571,0.0,3.298907064279769,0.5556205766201344,0.12937242585796233,4.0527333783088164e-05
Apartment,1,4,9,0.65,1.88,24,0.74,1.97,5.78,3.7,Monday,Winter,0,6.64,0,1,2,-1.529375364391619,-0.10983632648654133,0.05994305046580039,-0.9298487454739772,-1.261782475488789,0.0,0.3097877292385419,1.0451668852005147,-0.30452585262599985,-1.9317623829727568
Independent House,5,4,4,3.74,5.03,24,0.0,1.59,5.14,23.8,Wednesday,Spring/Autumn,0,12.78,1,6,0,0.47182038166686574,-0.10983632648654133,-1.5771570672976551,-0.014115558608589667,-0.418094341803863,0.0,-0.7961864247267118,0.3296761265061129,-0.7189958499838148,-0.16679699673814524
Apartment,2,2,9,0.82,2.97,24,0.53,1.49,7.99,9.6,Sunday,Winter,1,7.12,0,3,2,-1.0290764278769977,-1.18342448011439,0.05994305046580039,-0.8794686025072731,-0.9698395974835289,0.0,-0.0040698009407867585,0.14138908474442796,1.1266908570002039,-1.4136879661178212
Villa,5,8,7,0.0,5.22,24,1.06,1.88,5.46,19.4,Sunday,Spring/Autumn,1,7.89,2,3,0,0.47182038166686574,2.037339980769156,-0.5948969966395818,-1.1224787038760815,-0.3672052162800105,0.0,0.7880468228451383,0.8757085476149983,-0.5117608513049073,-0.5531575787994534
Independent House,5,4,5,0.53,8.42,24,0.0,1.6,5.87,19.7,Sunday,Spring/Autumn,1,8.26,1,3,0,0.47182038166686574,-0.10983632648654133,-1.249737043744964,-0.9654111993328273,0.48987479254277144,0.0,-0.7961864247267118,0.3485048306822814,-0.24624100924755724,-0.5268148118407278
Independent House,4,6,5,0.04,3.62,24,1.19,1.58,5.47,18.7,Wednesday,Winter,0,6.49,1,6,2,-0.028478554847755435,0.9637518271413074,-1.249737043744964,-1.110624552589798,-0.7957452206914013,0.0,0.9823395796228178,0.3108474223299444,-0.5052847575961916,-0.6146240350364796
Villa,7,7,12,2.07,1.9,24,0.0,2.3,7.41,16.5,Monday,Winter,0,13.65,2,1,2,1.4724182546961082,1.5005459039552316,1.0422031211238738,-0.509026374810919,-1.2564257254336466,0.0,-0.7961864247267118,1.666514123014074,0.7510774218946843,-0.8078043260671335
Apartment,4,3,8,5.37,9.8,24,0.0,1.05,6.5,40.2,Tuesday,Summer,0,14.14,0,5,1,-0.028478554847755435,-0.6466304033004656,-0.2674769730868907,0.46894110630745617,0.8594905463475964,0.0,-0.7961864247267118,-0.6870738990069848,0.1617528944015415,1.2732742636721848
Villa,7,7,13,0.87,0.95,24,0.59,1.6,5.63,15.8,Tuesday,Winter,0,9.14,2,5,2,1.4724182546961082,1.5005459039552316,1.3696231446765648,-0.8646509133994189,-1.5108713530529099,0.0,0.08560377911044995,0.3485048306822814,-0.4016672582567379,-0.8692707823041598
Independent House,1,5,14,0.0,3.53,24,2.34,2.72,6.12,6.4,Tuesday,Winter,0,7.47,1,5,2,-1.529375364391619,0.426957750327383,1.697043168229256,-1.1224787038760815,-0.8198505959395421,0.0,2.701083197271523,2.457319698413151,-0.08433866652966089,-1.6946774803442266
Apartment,3,2,9,7.58,5.49,24,0.0,1.37,4.82,34.9,Sunday,Summer,1,16.5,0,3,1,-0.5287774913623766,-1.18342448011439,0.05994305046580039,1.1238829648746103,-0.29488909053558815,0.0,-0.7961864247267118,-0.08455536536959352,-0.9262308486627218,0.8078853807346997
Villa,4,8,10,8.17,9.74,24,0.0,2.09,7.51,42.2,Wednesday,Summer,0,20.83,2,6,1,-0.028478554847755435,2.037339980769156,0.3873630740184915,1.2987316963472892,0.8434202961821691,0.0,-0.7961864247267118,1.2711113353145362,0.8158383589818426,1.4488927100636884
Apartment,6,2,6,3.93,6.15,24,0.0,1.13,4.93,26.5,Friday,Spring/Autumn,0,12.57,0,0,0,0.9721193181814869,-1.18342448011439,-0.9223170201922729,0.042191660001256154,-0.11811633871588935,0.0,-0.7961864247267118,-0.5364442655976374,-0.8549938178668477,0.0702879058903846
Villa,4,7,5,8.79,11.8,24,0.5,2.54,5.59,36.2,Tuesday,Summer,0,20.16,2,5,1,-0.028478554847755435,1.5005459039552316,-1.249737043744964,1.4824710412846807,1.395165551861835,0.0,-0.04890659096640519,2.118403023242118,-0.4275716330916013,0.9220373708891775
Apartment,4,3,10,11.56,7.75,24,0.6,0.87,7.87,38.6,Saturday,Summer,1,28.54,0,2,1,-0.028478554847755435,-0.6466304033004656,0.3873630740184915,2.303371017859802,0.3104236656955015,0.0,0.10054937578565609,-1.0259905741780175,1.0489777324956135,1.1327795065589816
Apartment,4,2,4,5.34,8.01,24,0.64,1.59,4.53,40.2,Thursday,Summer,0,15.51,0,4,1,-0.028478554847755435,-1.18342448011439,-1.5771570672976551,0.4600504928427436,0.38006141641235247,0.0,0.16033176248648065,0.3296761265061129,-1.1140375662154816,1.2732742636721848
Apartment,2,4,8,8.09,11.1,24,0.0,1.27,7.26,39.9,Friday,Summer,0,18.49,0,0,1,-1.0290764278769977,-0.10983632648654133,-0.2674769730868907,1.2750233937747226,1.2076792999318513,0.0,-0.7961864247267118,-0.27284240713127844,0.6539360162639463,1.2469314967134588
Villa,6,8,8,1.38,0.97,24,0.0,2.18,6.25,17.1,Friday,Winter,0,10.15,2,0,2,0.9721193181814869,2.037339980769156,-0.2674769730868907,-0.7135104844993064,-1.5055146029977677,0.0,-0.7961864247267118,1.440569672900053,-0.00014944831635485417,-0.7551187921496824
Apartment,5,4,11,5.08,5.29,24,0.72,1.45,6.07,22.9,Thursday,Spring/Autumn,0,15.33,0,4,0,0.47182038166686574,-0.10983632648654133,0.7147830975711826,0.38299850948190195,-0.34845659108701205,0.0,0.2798965358881296,0.066074268039754,-0.11671913507324004,-0.24582529761432206
Independent House,5,4,5,4.26,0.7,24,0.0,1.95,5.75,23.0,Wednesday,Spring/Autumn,0,12.13,1,6,0,0.47182038166686574,-0.10983632648654133,-1.249737043744964,0.13998840811309354,-1.5778307287421898,0.0,-0.7961864247267118,1.0075094768481778,-0.32395413375214754,-0.23704437529474676
Apartment,3,2,10,10.09,12.99,24,0.0,1.37,5.37,41.9,Sunday,Summer,1,20.8,0,3,1,-0.5287774913623766,-1.18342448011439,0.3873630740184915,1.8677309580888892,1.7138921801428069,0.0,-0.7961864247267118,-0.08455536536959352,-0.57004569468335,1.4225499431049624
Independent House,6,5,11,7.19,11.75,24,0.87,1.54,4.18,37.4,Saturday,Summer,1,21.1,1,2,1,0.9721193181814869,0.426957750327383,0.7147830975711826,1.0083049898333478,1.3817736767239788,0.0,0.5040804860162217,0.23553260562527042,-1.3407008460205367,1.0274084387240792
Villa,1,9,13,0.0,0.73,24,0.59,2.52,6.26,13.1,Saturday,Winter,1,7.79,2,2,2,-1.529375364391619,2.5741340575830804,1.3696231446765648,-1.1224787038760815,-1.5697956036594762,0.0,0.08560377911044995,2.080745614889781,0.006326645392360861,-1.1063556849326897
Apartment,7,2,11,7.16,10.95,24,2.2,0.96,3.97,31.7,Friday,Summer,0,18.65,0,0,1,1.4724182546961082,-1.18342448011439,0.7147830975711826,0.9994143763686353,1.1675036745182832,0.0,2.491844843818637,-0.8565322365925012,-1.4766988139035695,0.526895866508294
Villa,7,9,10,5.12,11.76,24,0.0,1.13,6.74,34.2,Wednesday,Summer,0,16.59,2,6,1,1.4724182546961082,2.5741340575830804,0.3873630740184915,0.3948526607681853,1.38445205175155,0.0,-0.7961864247267118,-0.5364442655976374,0.3171791434107221,0.7464189244976738
Apartment,5,4,10,6.69,13.62,24,0.0,0.89,9.01,44.4,Sunday,Summer,1,17.68,0,3,1,0.47182038166686574,-0.10983632648654133,0.3873630740184915,0.8601280987548062,1.8826298068797918,0.0,-0.7961864247267118,-0.9883331658256805,1.7872524152892206,1.6420730010943418
Independent House,6,5,11,0.78,8.43,24,0.54,1.43,8.19,27.4,Thursday,Spring/Autumn,0,8.52,1,4,0,0.9721193181814869,0.426957750327383,0.7147830975711826,-0.8913227537935565,0.49255316757034256,0.0,0.010875795734419385,0.02841685968741701,1.2562127311745204,0.1493162067665611
Independent House,3,6,12,1.56,5.51,24,0.0,1.17,8.78,8.4,Thursday,Winter,0,8.9,1,4,2,-0.5287774913623766,0.9637518271413074,1.0422031211238738,-0.6601668037110314,-0.2895323404804459,0.0,-0.7961864247267118,-0.46112944889296337,1.6383022599887558,-1.519059033952723
Apartment,4,3,8,2.05,8.92,24,1.78,1.15,6.21,22.3,Friday,Spring/Autumn,0,10.6,0,0,0,-0.028478554847755435,-0.6466304033004656,-0.2674769730868907,-0.5149534504540606,0.6237935439213311,0.0,1.8641297834599797,-0.49878685724530036,-0.02605382315121829,-0.29851083153177294
Independent House,1,6,11,4.0,9.98,24,0.85,1.81,6.4,40.2,Wednesday,Summer,0,13.54,1,6,1,-1.529375364391619,0.9637518271413074,0.7147830975711826,0.06293642475225193,0.9077012968438778,0.0,0.47418929266580934,0.7439076183818193,0.09699195731438319,1.2732742636721848
Apartment,7,3,10,1.13,8.87,24,0.51,0.2,6.9,24.4,Sunday,Spring/Autumn,1,8.33,0,3,0,1.4724182546961082,-0.6466304033004656,0.3873630740184915,-0.7875989300385773,0.6104016687834749,0.0,-0.033960994291199045,-2.2875137539813055,0.42079664275017586,-0.11411146282069433
Independent House,6,6,11,1.32,1.1,24,0.0,0.73,6.21,12.4,Friday,Winter,0,8.77,1,0,2,0.9721193181814869,0.9637518271413074,0.7147830975711826,-0.7312917114287315,-1.4706957276393422,0.0,-0.7961864247267118,-1.2895924326443762,-0.02605382315121829,-1.1678221411697158
Apartment,3,4,8,9.1,13.03,24,0.67,1.56,5.22,39.0,Sunday,Summer,1,20.44,0,3,1,-0.5287774913623766,-0.10983632648654133,-0.2674769730868907,1.5743407137533767,1.7246056802530914,0.0,0.2051685525120991,0.2731900139776074,-0.667187100314088,1.1679031958372823
Independent House,3,4,8,1.9,7.28,24,1.79,0.84,6.19,23.2,Sunday,Spring/Autumn,1,10.22,1,3,0,-0.5287774913623766,-0.10983632648654133,-0.2674769730868907,-0.5594065177776231,0.1845400393996555,0.0,1.8790753801351858,-1.082476686706523,-0.039006010568649725,-0.21948253065559645
Independent House,3,5,9,2.17,5.21,24,0.64,2.2,4.0,19.4,Tuesday,Spring/Autumn,0,10.55,1,5,0,-0.5287774913623766,0.426957750327383,0.05994305046580039,-0.4793909965952106,-0.36988359130758164,0.0,0.16033176248648065,1.47822708125239,-1.457270532777422,-0.5531575787994534
Apartment,6,3,8,4.61,11.87,24,0.0,1.05,5.72,39.8,Tuesday,Summer,0,13.6,0,5,1,0.9721193181814869,-0.6466304033004656,-0.2674769730868907,0.24371223186807286,1.413914177054833,0.0,-0.7961864247267118,-0.6870738990069848,-0.3433824148782953,1.2381505743938834
Independent House,3,3,8,4.2,13.03,24,3.0,1.98,5.01,32.1,Wednesday,Summer,0,14.38,1,6,1,-0.5287774913623766,-0.6466304033004656,-0.2674769730868907,0.12220718118366866,1.7246056802530914,0.0,3.687492577835128,1.0639955893766833,-0.8031850681971209,0.5620195557865949
Apartment,3,3,13,6.55,11.91,24,0.0,1.27,2.95,37.4,Saturday,Summer,1,14.63,0,2,1,-0.5287774913623766,-0.6466304033004656,1.3696231446765648,0.8186385692528144,1.424627677165118,0.0,-0.7961864247267118,-0.27284240713127844,-2.1372603721925865,1.0274084387240792
Apartment,4,4,8,2.61,8.83,24,0.0,0.96,6.76,24.8,Tuesday,Spring/Autumn,0,9.96,0,5,0,-0.028478554847755435,-0.10983632648654133,-0.2674769730868907,-0.34899533244609393,0.5996881686731904,0.0,-0.7961864247267118,-0.8565322365925012,0.33013133082815355,-0.07898777354239342
Villa,4,8,9,1.44,5.16,24,0.0,1.65,8.6,27.8,Saturday,Spring/Autumn,1,10.16,2,2,0,-0.028478554847755435,2.037339980769156,0.05994305046580039,-0.6957292575698815,-0.38327546644543753,0.0,-0.7961864247267118,0.44264835156312343,1.5217325732318705,0.18443989604486202
Apartment,6,4,12,0.33,1.22,24,2.56,1.32,5.65,13.6,Sunday,Winter,1,8.49,0,3,2,0.9721193181814869,-0.10983632648654133,1.0422031211238738,-1.024681955764244,-1.4385552273084878,0.0,3.0298863241260574,-0.17869888625043598,-0.38871507083930584,-1.0624510733348138
Apartment,2,4,14,8.05,11.62,24,1.06,1.1,5.55,39.7,Friday,Summer,0,18.46,0,0,1,-1.0290764278769977,-0.10983632648654133,1.697043168229256,1.2631692424884395,1.3469548013655532,0.0,0.7880468228451383,-0.5929303781261424,-0.45347600792646475,1.2293696520743087
Independent House,1,3,11,2.64,7.0,24,0.9,1.32,7.04,23.8,Wednesday,Spring/Autumn,0,8.18,1,6,0,-1.529375364391619,-0.6466304033004656,0.7147830975711826,-0.3401047189813814,0.109545538627662,0.0,0.54891727604184,-0.17869888625043598,0.5114619546721976,-0.16679699673814524
Apartment,5,2,9,1.26,2.12,24,1.08,0.47,4.87,6.0,Saturday,Winter,1,8.26,0,2,2,0.47182038166686574,-1.18342448011439,0.05994305046580039,-0.7490729383581564,-1.1975014748270802,0.0,0.8179380161955505,-1.7791387412247566,-0.8938503801191426,-1.7298011696225275
Apartment,4,2,4,9.78,10.43,24,0.91,2.05,5.5,34.4,Saturday,Summer,1,22.58,0,2,1,-0.028478554847755435,-1.18342448011439,-1.5771570672976551,1.7758612856201934,1.0282281730845813,0.0,0.5638628727170463,1.1957965186098622,-0.4858564764700439,0.7639807691368238
Independent House,1,6,14,9.29,13.18,24,1.16,1.32,6.09,46.0,Saturday,Summer,1,21.54,1,2,1,-1.529375364391619,0.9637518271413074,1.697043168229256,1.6306479323632224,1.7647813056666595,0.0,0.9375027895971993,-0.17869888625043598,-0.10376694765580861,1.782567758207545
Villa,7,8,8,6.61,10.3,24,0.0,1.84,7.93,37.4,Sunday,Summer,1,21.41,2,3,1,1.4724182546961082,2.037339980769156,-0.2674769730868907,0.8364197961822395,0.993409297726156,0.0,-0.7961864247267118,0.8003937309103247,1.0878342947479085,1.0274084387240792
Independent House,5,5,13,5.67,10.22,24,0.0,0.73,5.51,36.0,Friday,Summer,0,14.81,1,0,1,0.47182038166686574,0.426957750327383,1.3696231446765648,0.557847240954581,0.9719822975055864,0.0,-0.7961864247267118,-1.2895924326443762,-0.47938038276132816,0.9044755262500268
Apartment,5,2,4,2.45,4.73,24,0.94,1.37,5.69,25.4,Monday,Spring/Autumn,0,10.91,0,1,0,0.47182038166686574,-1.18342448011439,-1.5771570672976551,-0.39641193759122717,-0.4984455926309988,0.0,0.6086996627426645,-0.08455536536959352,-0.36281069600444243,-0.02630223962494252
Apartment,7,2,10,0.0,1.2,24,0.91,0.89,5.3,13.2,Monday,Winter,0,6.29,0,1,2,1.4724182546961082,-1.18342448011439,0.3873630740184915,-1.1224787038760815,-1.4439119773636302,0.0,0.5638628727170463,-0.9883331658256805,-0.6153783506443611,-1.0975747626131145
Apartment,7,4,8,9.92,11.29,24,2.27,1.48,4.39,39.9,Wednesday,Summer,0,27.21,0,6,1,1.4724182546961082,-0.10983632648654133,-0.2674769730868907,1.817350815122185,1.2585684254557037,0.0,2.59646402054508,0.12256038056825948,-1.204702878137504,1.2469314967134588
Apartment,2,2,7,9.52,10.36,24,2.23,1.27,5.19,42.0,Wednesday,Summer,0,19.81,0,6,1,-1.0290764278769977,-1.18342448011439,-0.5948969966395818,1.6988093022593518,1.0094795478915828,0.0,2.5366816338442555,-0.27284240713127844,-0.6866153814402352,1.4313308654245378
Apartment,6,3,10,0.75,2.6,24,0.0,0.91,5.71,19.1,Sunday,Winter,1,7.04,0,3,2,0.9721193181814869,-0.6466304033004656,0.3873630740184915,-0.900213367258269,-1.068939473503663,0.0,-0.7961864247267118,-0.9506757574733435,-0.349858508587011,-0.5795003457581787
Independent House,6,6,9,0.99,2.44,24,0.0,0.6,6.26,11.8,Sunday,Winter,1,8.29,1,3,2,0.9721193181814869,0.9637518271413074,0.05994305046580039,-0.829088459540569,-1.1117934739448023,0.0,-0.7961864247267118,-1.5343655869345663,0.006326645392360861,-1.220507675087167
Apartment,2,3,7,1.86,5.73,24,0.0,1.51,5.3,22.0,Saturday,Spring/Autumn,1,9.12,0,2,0,-1.0290764278769977,-0.6466304033004656,-0.5948969966395818,-0.5712606690639064,-0.23060808987387946,0.0,-0.7961864247267118,0.17904649309676496,-0.6153783506443611,-0.32485359849049855
Independent House,4,3,9,0.0,1.72,24,0.0,0.39,7.22,7.0,Friday,Winter,0,4.67,1,0,2,-0.028478554847755435,-0.6466304033004656,0.05994305046580039,-1.1224787038760815,-1.3046364759299283,0.0,-0.7961864247267118,-1.9297683746341041,0.6280316414290829,-1.6419919464267758
Independent House,2,3,14,0.0,2.74,24,1.15,1.66,7.4,12.1,Thursday,Winter,0,6.09,1,4,2,-1.0290764278769977,-0.6466304033004656,1.697043168229256,-1.1224787038760815,-1.0314422231176663,0.0,0.9225571929219932,0.46147705573929193,0.7446013281859686,-1.1941649081284416
Apartment,2,3,5,8.31,12.15,24,0.96,1.09,7.57,37.3,Sunday,Summer,1,18.02,0,3,1,-1.0290764278769977,-0.6466304033004656,-1.249737043744964,1.3402212258492812,1.4889086778268268,0.0,0.6385908560930768,-0.6117590823023109,0.854694921234138,1.018627516404504
Villa,3,6,4,2.17,3.32,24,1.06,1.23,7.62,12.6,Tuesday,Winter,0,9.87,2,5,2,-0.5287774913623766,0.9637518271413074,-1.5771570672976551,-0.4793909965952106,-0.8760964715185372,0.0,0.7880468228451383,-0.34815722383595243,0.8870753897777172,-1.1502602965305657
Villa,7,6,10,0.0,1.63,24,0.0,1.46,8.36,11.0,Wednesday,Winter,0,7.07,2,6,2,1.4724182546961082,0.9637518271413074,0.3873630740184915,-1.1224787038760815,-1.3287418511780689,0.0,-0.7961864247267118,0.0849029722159225,1.36630632422269,-1.2907550536437684
Villa,2,8,8,6.8,11.15,24,0.0,0.91,5.78,37.9,Saturday,Summer,1,15.3,2,2,1,-1.0290764278769977,2.037339980769156,-0.2674769730868907,0.8927270147920853,1.2210711750697074,0.0,-0.7961864247267118,-0.9506757574733435,-0.30452585262599985,1.0713130503219552
Villa,6,7,12,7.25,12.14,24,0.0,1.89,4.47,37.6,Sunday,Summer,1,19.72,2,3,1,0.9721193181814869,1.5005459039552316,1.0422031211238738,1.026086216762773,1.4862303027992556,0.0,-0.7961864247267118,0.8945372517911668,-1.152894128467777,1.04497028336323
Independent House,2,4,7,3.99,6.9,24,0.0,1.36,3.52,25.7,Monday,Spring/Autumn,0,10.69,1,1,0,-1.0290764278769977,-0.10983632648654133,-0.5948969966395818,0.05997288693068117,0.08276178835195015,0.0,-0.7961864247267118,-0.10338406954576201,-1.768123030795783,4.0527333783088164e-05
Independent House,1,3,12,1.14,2.25,24,0.0,2.6,8.08,10.3,Thursday,Winter,0,7.08,1,4,2,-1.529375364391619,-0.6466304033004656,1.0422031211238738,-0.7846353922170064,-1.162682599468655,0.0,-0.7961864247267118,2.2313752482991287,1.1849757003786465,-1.3522215098807948
Independent House,2,6,9,5.98,10.6,24,0.0,1.21,7.7,37.0,Monday,Summer,0,16.08,1,1,1,-1.0290764278769977,0.9637518271413074,0.05994305046580039,0.6497169134232771,1.0737605485532915,0.0,-0.7961864247267118,-0.3858146321882894,0.9388841394474441,0.9922847494457786
Apartment,4,3,10,2.83,6.09,24,0.0,2.15,7.11,24.5,Wednesday,Spring/Autumn,0,10.85,0,6,0,-0.028478554847755435,-0.6466304033004656,0.3873630740184915,-0.28379750037153556,-0.13418658888131665,0.0,-0.7961864247267118,1.3840835603715471,0.5567946106332088,-0.10533054050111902
Apartment,1,2,13,2.96,4.75,24,0.68,1.24,6.26,22.9,Saturday,Spring/Autumn,1,32.35,0,2,0,-1.529375364391619,-1.18342448011439,1.3696231446765648,-0.24527150869111475,-0.4930888425758565,0.0,0.22011414918730524,-0.32932851965978394,0.006326645392360861,-0.24582529761432206
Villa,6,6,7,5.84,14.22,24,1.04,2.3,6.31,33.9,Wednesday,Summer,0,18.95,2,6,1,0.9721193181814869,0.9637518271413074,-0.5948969966395818,0.6082273839212853,2.043332308534064,0.0,0.7581556294947259,1.666514123014074,0.038707113935940014,0.7200761575389479
Apartment,2,3,6,1.55,6.49,24,0.0,1.07,8.32,22.2,Thursday,Spring/Autumn,0,7.6,0,4,0,-1.0290764278769977,-0.6466304033004656,-0.9223170201922729,-0.6631303415326022,-0.02705158777846881,0.0,-0.7961864247267118,-0.6494164906546479,1.340401949387827,-0.30729175385134827
Independent House,3,4,5,0.21,5.08,24,1.08,1.24,4.28,15.0,Thursday,Winter,0,5.84,1,4,2,-0.5287774913623766,-0.10983632648654133,-1.249737043744964,-1.0602444096230939,-0.4047024666660071,0.0,0.8179380161955505,-0.32932851965978394,-1.2759399089333778,-0.9395181608607612
Apartment,4,3,4,10.35,7.08,24,0.0,1.9,6.37,36.1,Tuesday,Summer,0,23.35,0,5,1,-0.028478554847755435,-0.6466304033004656,-1.5771570672976551,1.9447829414497309,0.13097253884823157,0.0,-0.7961864247267118,0.9133659559673353,0.07756367618823547,0.9132564485696021
Apartment,7,2,13,1.82,1.81,24,0.88,0.97,7.06,18.2,Friday,Winter,0,10.39,0,0,2,1.4724182546961082,-1.18342448011439,1.3696231446765648,-0.5831148203501897,-1.2805311006817872,0.0,0.5190260826914278,-0.8377035324163328,0.5244141420896291,-0.6585286466343555
Apartment,3,2,5,0.0,2.22,24,0.0,1.87,4.8,12.8,Friday,Winter,0,5.34,0,0,2,-0.5287774913623766,-1.18342448011439,-1.249737043744964,-1.1224787038760815,-1.1707177245513682,0.0,-0.7961864247267118,0.8568798434388303,-0.9391830360801537,-1.1326984518914152
Independent House,6,6,9,3.54,6.86,24,1.07,1.82,5.02,16.5,Monday,Spring/Autumn,0,14.22,1,1,0,0.9721193181814869,0.9637518271413074,0.05994305046580039,-0.07338631504000638,0.07204828824166537,0.0,0.8029924195203444,0.7627363225579877,-0.7967089744884052,-0.8078043260671335
Villa,3,9,5,1.04,6.14,24,0.0,1.36,7.79,23.0,Saturday,Spring/Autumn,1,9.63,2,2,0,-0.5287774913623766,2.5741340575830804,-1.249737043744964,-0.8142707704327148,-0.12079471374346072,0.0,-0.7961864247267118,-0.10338406954576201,0.9971689828258866,-0.23704437529474676
Villa,4,7,9,0.72,4.99,24,0.88,2.28,4.94,18.6,Wednesday,Spring/Autumn,0,8.35,2,6,0,-0.028478554847755435,1.5005459039552316,0.05994305046580039,-0.9091039807229814,-0.42880784191414784,0.0,0.5190260826914278,1.6288567146617372,-0.8485177241581314,-0.6234049573560546
Independent House,7,5,10,3.33,13.21,24,0.0,0.97,7.8,33.9,Thursday,Summer,0,13.91,1,4,1,1.4724182546961082,0.426957750327383,0.3873630740184915,-0.13562060929299388,1.7728164307493732,0.0,-0.7961864247267118,-0.8377035324163328,1.0036450765346023,0.7200761575389479
Apartment,2,2,12,0.52,2.46,24,0.0,0.39,5.26,0.6,Thursday,Winter,0,4.9,0,4,2,-1.0290764278769977,-1.18342448011439,1.0422031211238738,-0.968374737154398,-1.1064367238896597,0.0,-0.7961864247267118,-1.9297683746341041,-0.6412827254792245,-2.2039709748795873
Apartment,6,3,13,7.84,8.59,24,0.98,1.27,6.15,44.7,Thursday,Summer,0,17.74,0,4,1,0.9721193181814869,-0.6466304033004656,1.3696231446765648,1.2009349482354519,0.5354071680114817,0.0,0.6684820494434891,-0.27284240713127844,-0.06491038540351317,1.6684157680530678
Independent House,5,4,5,9.7,7.11,24,0.5,0.25,5.77,38.0,Saturday,Summer,1,23.66,1,2,1,0.47182038166686574,-0.10983632648654133,-1.249737043744964,1.7521529830476266,0.1390076639309452,0.0,-0.04890659096640519,-2.1933702331004628,-0.3110019463347161,1.0800939726415304
Independent House,2,5,4,1.57,6.42,24,0.0,1.13,6.26,23.1,Sunday,Spring/Autumn,1,8.4,1,3,0,-1.0290764278769977,0.426957750327383,-1.5771570672976551,-0.6572032658894607,-0.04580021297146724,0.0,-0.7961864247267118,-0.5364442655976374,0.006326645392360861,-0.22826345297517145
Apartment,5,4,9,1.61,1.39,24,0.0,1.09,6.13,13.7,Sunday,Winter,1,9.17,0,3,2,0.47182038166686574,-0.10983632648654133,0.05994305046580039,-0.6453491146031772,-1.3930228518397776,0.0,-0.7961864247267118,-0.6117590823023109,-0.07786257282094516,-1.0536701510152386
Apartment,2,3,7,0.0,0.52,24,0.0,1.18,4.23,3.9,Saturday,Winter,1,5.24,0,2,2,-1.0290764278769977,-0.6466304033004656,-0.5948969966395818,-1.1224787038760815,-1.6260414792384714,0.0,-0.7961864247267118,-0.44230074471679487,-1.308320377476957,-1.9142005383336065
Independent House,7,3,6,4.04,6.26,24,0.0,2.08,6.76,24.3,Thursday,Spring/Autumn,0,14.52,1,4,0,1.4724182546961082,-0.6466304033004656,-0.9223170201922729,0.07479057603853528,-0.08865421341260638,0.0,-0.7961864247267118,1.2522826311383681,0.33013133082815355,-0.12289238514026933
Independent House,2,5,13,7.74,8.56,24,0.0,1.43,4.41,32.7,Sunday,Summer,1,18.43,1,3,1,-1.0290764278769977,0.426957750327383,1.3696231446765648,1.1712995700197437,0.5273720429287683,0.0,-0.7961864247267118,0.02841685968741701,-1.191750690720072,0.6147050897040461
Apartment,2,2,9,2.43,1.27,24,1.1,1.23,5.81,15.5,Monday,Winter,1,9.54,0,1,2,-1.0290764278769977,-1.18342448011439,0.05994305046580039,-0.4023390132343689,-1.425163352170632,0.0,0.8478292095459629,-0.34815722383595243,-0.28509757149985265,-0.8956135492628854
Apartment,5,2,6,1.12,2.17,24,1.12,1.13,6.26,12.6,Thursday,Winter,0,7.52,0,4,2,0.47182038166686574,-1.18342448011439,-0.9223170201922729,-0.790562467860148,-1.1841095996892244,0.0,0.8777204028963751,-0.5364442655976374,0.006326645392360861,-1.1502602965305657
Independent House,4,6,6,9.31,9.97,24,0.97,2.03,7.68,34.5,Friday,Summer,0,23.28,1,0,1,-0.028478554847755435,0.9637518271413074,-0.9223170201922729,1.6365750080063646,0.9050229218163066,0.0,0.653536452768283,1.1581391102575254,0.9259319520300121,0.7727616914563991
Independent House,2,4,9,2.02,8.12,24,0.0,2.01,6.61,25.6,Friday,Spring/Autumn,0,8.2,1,0,0,-1.0290764278769977,-0.10983632648654133,0.05994305046580039,-0.523844063918773,0.40952354171563543,0.0,-0.7961864247267118,1.1204817019051883,0.2329899251974161,-0.008740394985791907
Apartment,6,4,10,10.26,13.64,24,0.63,1.2,6.96,37.2,Saturday,Summer,1,26.92,0,2,1,0.9721193181814869,-0.10983632648654133,0.3873630740184915,1.9181111010555933,1.8879865569349346,0.0,0.14538616581127453,-0.4046433363644579,0.45965320500247075,1.0098465940849293
Independent House,1,4,5,9.14,9.46,24,0.83,1.09,6.55,37.2,Saturday,Summer,1,19.28,1,2,1,-1.529375364391619,-0.10983632648654133,-1.249737043744964,1.5861948650396605,0.7684257954101757,0.0,0.4442980993153971,-0.6117590823023109,0.19413336294512065,1.0098465940849293
Apartment,1,3,7,2.06,5.46,24,0.0,1.26,7.28,20.5,Tuesday,Spring/Autumn,0,7.96,0,5,0,-1.529375364391619,-0.6466304033004656,-0.5948969966395818,-0.5119899126324897,-0.3029242156183018,0.0,-0.7961864247267118,-0.29167111130744694,0.6668882036813782,-0.4565674332841263
Villa,5,7,6,0.24,3.85,24,0.0,1.12,7.6,33.8,Tuesday,Spring/Autumn,1,8.34,2,5,0,0.47182038166686574,1.5005459039552316,-0.9223170201922729,-1.0513537961583814,-0.7341425950572639,0.0,-0.7961864247267118,-0.5552729697738054,0.8741232023602852,0.7112952352193725
Apartment,3,4,7,0.0,3.4,24,0.0,1.23,3.83,23.9,Monday,Spring/Autumn,1,5.5,0,1,0,-0.5287774913623766,-0.10983632648654133,-0.5948969966395818,-1.1224787038760815,-0.8546694712979677,0.0,-0.7961864247267118,-0.34815722383595243,-1.5673641258255915,-0.15801607441857024
Apartment,7,2,14,0.0,8.55,24,0.0,0.95,3.16,24.9,Monday,Spring/Autumn,0,6.42,0,1,0,1.4724182546961082,-1.18342448011439,1.697043168229256,-1.1224787038760815,0.5246936679011972,0.0,-0.7961864247267118,-0.8753609407686698,-2.0012624043095535,-0.07020685122281843
Apartment,3,4,12,2.56,2.72,24,0.0,1.13,4.9,28.7,Wednesday,Spring/Autumn,0,9.17,0,6,0,-0.5287774913623766,-0.10983632648654133,1.0422031211238738,-0.36381302155394807,-1.0367989731728087,0.0,-0.7961864247267118,-0.5364442655976374,-0.874422098992995,0.2634681969210385
Villa,1,7,13,4.74,11.94,24,0.0,2.14,4.54,31.9,Monday,Summer,0,11.73,2,1,1,-1.529375364391619,1.5005459039552316,1.3696231446765648,0.28223822354849365,1.4326628022478314,0.0,-0.7961864247267118,1.365254856195379,-1.1075614725067657,0.5444577111474442
Apartment,5,2,5,3.07,6.53,24,0.73,2.15,6.26,35.6,Tuesday,Summer,0,11.11,0,5,1,0.47182038166686574,-1.18342448011439,-1.249737043744964,-0.21267259265383562,-0.016338087668184027,0.0,0.2948421325633358,1.3840835603715471,0.006326645392360861,0.8693518369717262
Apartment,3,2,8,4.11,5.29,24,3.0,0.77,5.33,30.5,Sunday,Spring/Autumn,1,12.2,0,3,0,-0.5287774913623766,-1.18342448011439,-0.2674769730868907,0.0955353407895312,-0.34845659108701205,0.0,3.687492577835128,-1.2142776159397022,-0.5959500695182134,0.4215247986733919
Independent House,5,6,11,1.23,4.23,24,0.0,2.28,6.95,16.7,Wednesday,Spring/Autumn,0,9.42,1,6,0,0.47182038166686574,0.9637518271413074,0.7147830975711826,-0.7579635518228689,-0.6323643440095584,0.0,-0.7961864247267118,1.6288567146617372,0.45317711129375504,-0.7902424814279833
Independent House,5,6,13,6.46,9.79,24,0.63,2.45,6.29,38.1,Tuesday,Summer,0,17.04,1,5,1,0.47182038166686574,0.9637518271413074,1.3696231446765648,0.7919667288586769,0.8568121713200247,0.0,0.14538616581127453,1.948944685656602,0.025754926518508584,1.0888748949611058
Villa,2,9,7,0.32,1.09,24,0.0,0.8,7.43,9.5,Wednesday,Winter,0,6.74,2,6,2,-1.0290764278769977,2.5741340575830804,-0.5948969966395818,-1.0276454935858148,-1.4733741026669134,0.0,-0.7961864247267118,-1.1577915034111967,0.7640296093121157,-1.4224688884373962
Independent House,3,5,9,0.38,3.34,24,2.33,1.49,6.96,25.8,Thursday,Spring/Autumn,0,7.25,1,4,0,-0.5287774913623766,0.426957750327383,0.05994305046580039,-1.0098642666563897,-0.8707397214633948,0.0,2.686137600596317,0.14138908474442796,0.45965320500247075,0.008821449653358394
Apartment,3,2,6,0.61,1.51,24,0.0,1.6,5.05,17.8,Saturday,Winter,1,6.0,0,2,2,-0.5287774913623766,-1.18342448011439,-0.9223170201922729,-0.9417028967602606,-1.3608823515089232,0.0,-0.7961864247267118,0.3485048306822814,-0.7772806933622575,-0.6936523359126561
Independent House,1,3,5,2.55,7.94,24,0.0,2.1,6.46,22.9,Saturday,Spring/Autumn,1,10.11,1,2,0,-1.529375364391619,-0.6466304033004656,-1.249737043744964,-0.36677655937551895,0.3613127912193543,0.0,-0.7961864247267118,1.2899400394907052,0.13584851956667807,-0.24582529761432206
Apartment,7,3,12,0.85,6.9,24,0.0,1.16,7.22,26.7,Thursday,Spring/Autumn,0,8.1,0,4,0,1.4724182546961082,-0.6466304033004656,1.0422031211238738,-0.8705779890425606,0.08276178835195015,0.0,-0.7961864247267118,-0.47995815306913187,0.6280316414290829,0.0878497505295349
Apartment,7,2,7,1.47,4.08,24,1.08,1.7,5.43,15.9,Friday,Winter,0,9.59,0,0,2,1.4724182546961082,-1.18342448011439,-0.5948969966395818,-0.6868386441051688,-0.6725399694231264,0.0,0.8179380161955505,0.5367918724439659,-0.531189132431055,-0.8604898599845846
Independent House,6,4,12,0.15,5.59,24,1.05,1.01,6.85,25.8,Tuesday,Spring/Autumn,0,7.46,1,5,0,0.9721193181814869,-0.10983632648654133,1.0422031211238738,-1.078025636552519,-0.2681053402598763,0.0,0.773101226169932,-0.7623887157116588,0.38841617420659613,0.008821449653358394
Apartment,5,3,5,7.46,8.38,24,0.57,1.05,3.68,43.9,Sunday,Summer,1,19.24,0,3,1,0.47182038166686574,-0.6466304033004656,-1.249737043744964,1.0883205110157603,0.4791612924324869,0.0,0.05571258576003765,-0.6870738990069848,-1.6645055314563293,1.598168389496466
Apartment,7,3,9,7.23,11.11,24,0.0,0.58,7.53,39.7,Friday,Summer,1,19.2,0,0,1,1.4724182546961082,-0.6466304033004656,0.05994305046580039,1.0201591411196314,1.2103576749594223,0.0,-0.7961864247267118,-1.5720229952869034,0.8287905463992746,1.2293696520743087
Apartment,3,3,4,5.48,9.18,24,1.17,0.59,7.6,37.3,Monday,Summer,0,14.27,0,1,1,-0.5287774913623766,-0.6466304033004656,-1.5771570672976551,0.5015400223447354,0.6934312946381821,0.0,0.9524483862724055,-1.5531942911107348,0.8741232023602852,1.018627516404504
Independent House,6,5,6,5.14,5.43,24,0.0,1.11,5.22,31.7,Tuesday,Summer,0,14.99,1,5,1,0.9721193181814869,0.426957750327383,-0.9223170201922729,0.40077973641132686,-0.31095934070101544,0.0,-0.7961864247267118,-0.5741016739499739,-0.667187100314088,0.526895866508294
Villa,5,9,7,4.94,7.84,24,1.0,2.09,6.26,36.4,Tuesday,Summer,0,18.24,2,5,1,0.47182038166686574,2.5741340575830804,-0.5948969966395818,0.3415089799799104,0.3345290409436422,0.0,0.6983732427939013,1.2711113353145362,0.006326645392360861,0.9395992155283275
Villa,2,9,11,8.21,10.34,24,0.94,1.44,5.69,38.6,Thursday,Summer,0,18.81,2,4,1,-1.0290764278769977,2.5741340575830804,0.7147830975711826,1.310585847633573,1.0041227978364407,0.0,0.6086996627426645,0.047245563863585506,-0.36281069600444243,1.1327795065589816
Apartment,2,2,5,1.25,3.96,24,0.59,1.55,2.83,25.8,Wednesday,Spring/Autumn,0,6.85,0,6,0,-1.0290764278769977,-1.18342448011439,-1.249737043744964,-0.7520364761797272,-0.7046804697539808,0.0,0.08560377911044995,0.2543613098014389,-2.214973496697177,0.008821449653358394
Apartment,6,2,9,0.76,7.41,24,0.55,0.82,8.3,22.6,Wednesday,Spring/Autumn,0,7.59,0,6,0,0.9721193181814869,-1.18342448011439,0.05994305046580039,-0.8972498294366981,0.21935891475808098,0.0,0.02582139240962553,-1.1201340950588599,1.3274497619703955,-0.2721680645730473
Apartment,5,4,5,3.44,5.91,24,0.97,1.23,6.23,19.0,Tuesday,Spring/Autumn,0,11.34,0,5,0,0.47182038166686574,-0.10983632648654133,-1.249737043744964,-0.10302169325571475,-0.18239733937759806,0.0,0.653536452768283,-0.34815722383595243,-0.013101635733786286,-0.588281268077754
Apartment,6,2,13,7.72,7.46,24,2.12,0.98,6.43,25.7,Thursday,Summer,1,20.3,0,4,1,0.9721193181814869,-1.18342448011439,1.3696231446765648,1.165372494376602,0.2327507898959369,0.0,2.372280070416988,-0.8188748282401643,0.11642023844053033,4.0527333783088164e-05
Apartment,5,4,4,0.77,4.04,24,0.0,1.41,6.88,10.4,Tuesday,Winter,0,6.71,0,5,2,0.47182038166686574,-0.10983632648654133,-1.5771570672976551,-0.8942862916151273,-0.6832534695334113,0.0,-0.7961864247267118,-0.009240548664919971,0.4078444553327439,-1.3434405875612196
Apartment,4,2,10,8.08,10.4,24,0.86,1.82,5.67,39.2,Saturday,Summer,1,20.54,0,2,1,-0.028478554847755435,-1.18342448011439,0.3873630740184915,1.272059855953152,1.020193048001868,0.0,0.4891348893410155,0.7627363225579877,-0.3757628834218744,1.1854650404764329
Apartment,5,3,14,2.19,4.99,24,0.0,1.89,5.86,20.3,Monday,Spring/Autumn,0,11.53,0,1,0,0.47182038166686574,-0.6466304033004656,1.697043168229256,-0.4734639209520689,-0.42880784191414784,0.0,-0.7961864247267118,0.8945372517911668,-0.2527171029562729,-0.4741292779232766
Apartment,1,4,10,6.77,7.25,24,0.96,1.88,4.08,40.1,Monday,Summer,0,15.38,0,1,1,-1.529375364391619,-0.10983632648654133,0.3873630740184915,0.8838364013273726,0.17650491431694182,0.0,0.6385908560930768,0.8757085476149983,-1.4054617831076952,1.2644933413526094
Apartment,6,4,13,0.0,9.74,24,0.0,1.59,7.72,17.7,Wednesday,Spring/Autumn,0,7.15,0,6,0,0.9721193181814869,-0.10983632648654133,1.3696231446765648,-1.1224787038760815,0.8434202961821691,0.0,-0.7961864247267118,0.3296761265061129,0.9518363268648755,-0.7024332582322315
Apartment,4,3,9,9.1,9.29,24,0.0,1.51,3.94,32.4,Sunday,Summer,1,20.81,0,3,1,-0.028478554847755435,-0.6466304033004656,0.05994305046580039,1.5743407137533767,0.722893419941465,0.0,-0.7961864247267118,0.17904649309676496,-1.4961270950297172,0.5883623227453202
Apartment,6,3,13,0.32,6.11,24,0.0,0.51,6.68,27.1,Thursday,Spring/Autumn,1,6.48,0,4,0,0.9721193181814869,-0.6466304033004656,1.3696231446765648,-1.0276454935858148,-0.12882983882617413,0.0,-0.7961864247267118,-1.7038239245200826,0.2783225811584267,0.12297343980783582
Apartment,5,3,14,1.27,8.86,24,0.89,0.99,6.2,28.9,Wednesday,Spring/Autumn,0,8.8,0,6,0,0.47182038166686574,-0.6466304033004656,1.697043168229256,-0.7461094005365856,0.6077232937559038,0.0,0.5339716793666339,-0.8000461240639958,-0.03252991685993401,0.28103004156018885
Apartment,6,4,10,0.0,4.89,24,0.58,1.39,7.59,25.1,Tuesday,Spring/Autumn,0,6.72,0,5,0,0.9721193181814869,-0.10983632648654133,0.3873630740184915,-1.1224787038760815,-0.4555915921898599,0.0,0.0706581824352438,-0.04689795701725696,0.8676471086515695,-0.05264500658366781
Independent House,5,5,4,3.35,7.69,24,0.0,1.33,10.42,25.5,Wednesday,Spring/Autumn,0,12.64,1,6,0,0.47182038166686574,0.426957750327383,-1.5771570672976551,-0.1296935336498522,0.29435341553007444,0.0,-0.7961864247267118,-0.15987018207426748,2.7003816282181563,-0.017521317305367212
Apartment,6,4,6,1.4,5.59,24,0.91,1.4,6.42,20.9,Tuesday,Spring/Autumn,0,9.53,0,5,0,0.9721193181814869,-0.10983632648654133,-0.9223170201922729,-0.7075834088561648,-0.2681053402598763,0.0,0.5638628727170463,-0.028069252841088462,0.10994414473181462,-0.4214437440058257
Villa,4,7,9,1.75,3.78,24,0.0,2.21,8.63,18.0,Thursday,Winter,0,10.74,2,4,2,-0.028478554847755435,1.5005459039552316,0.05994305046580039,-0.6038595851011855,-0.7528912202502623,0.0,-0.7961864247267118,1.4970557854285582,1.5411608543580189,-0.6760904912735058
